Student Data,,,,,,,,,,,,,,
Independent variables,,,,,,,,,,,,,,
First Term Gpa' numeric,,,,,,,,,,,,,,
Second Term Gpa' numeric,,,,,,,,,,,,,,
First Language' numeric,,,,,,,,,,,,,,
 Funding numeric,,,,,,,,,,,,,,
School numeric,,,,,,,,,,,,,,
FastTrack numeric,,,,,,,,,,,,,,
Coop numeric,,,,,,,,,,,,,,
 Residency numeric,,,,,,,,,,,,,,
Gender numeric,,,,,,,,,,,,,,
Previous Education' numeric,,,,,,,,,,,,,,
Age Group' numeric,,,,,,,,,,,,,,
High School Average Mark' numeric,,,,,,,,,,,,,,
Math Score' numeric,,,,,,,,,,,,,,
English Grade' numeric,,,,,,,,,,,,,,
,,,,,,,,,,,,,,
Dependent variable,,,,,,,,,,,,,,
"FirstYearPersistence {1,0}",,,,,,,,,,,,,,
,,,,,,,,,,,,,,
,,,,,,,,,,,,,,
,,,,,,,,,,,,,,
,,,,,,,,,,,,,,
,,,,,,,,,,,,,,
0,0,1,2,6,2,1,1,2,1,1,59,16,7,1
2.5,2,3,4,6,1,2,2,2,1,3,?,?,7,1
4.25,3.923077,1,1,6,2,1,1,1,2,3,92,41,9,1
3.020833,2.321429,3,4,6,1,2,2,2,2,3,?,?,8,1
4.275,4.326923,1,2,6,1,1,1,1,2,3,97,?,9,1
4.357143,4.326087,1,2,6,2,1,1,2,2,3,101,45,9,1
2.210526,1.375,1,2,6,2,1,1,2,1,1,68,20,7,0
2.045455,2.961538,1,2,6,2,1,1,2,1,1,79,34,9,1
4.285714,3.608696,1,2,6,2,1,1,1,1,2,98,39,9,1
2.863636,1.3,1,2,6,2,1,1,2,1,1,78,29,7,1
2.75,2.75,3,4,6,1,2,2,2,2,3,?,41,8,1
2.125,2.136364,1,2,6,2,1,1,2,1,2,73,18,7,1
1.46,0,1,2,6,2,2,1,2,1,1,81,17,9,1
4.421053,4.315789,1,2,6,2,2,1,2,1,4,95,38,7,1
3.791667,3.979167,?,4,6,2,2,2,2,1,4,?,47,8,1
3.717391,3.895833,3,4,6,1,2,2,2,2,3,?,?,10,1
4.233333,4.277778,1,2,6,2,2,1,1,2,8,?,?,9,1
3.413043,3.346154,3,8,6,1,2,1,2,2,8,?,?,7,1
3.375,3.696429,3,4,6,1,2,2,2,2,3,?,?,4,1
3.785714,3.431818,3,4,6,2,2,2,2,1,3,?,48,10,1
3.58,3.346154,3,4,6,1,2,2,2,2,3,?,?,8,1
3.086957,2.65625,1,2,6,2,2,1,2,1,1,80,28,9,0
4.5,4.421053,1,2,6,2,2,1,1,2,3,?,32,9,1
3.6,3.190476,3,4,6,1,2,2,1,1,3,?,?,9,1
3.425,3.175,3,4,6,2,2,2,2,2,3,?,?,8,1
3.770833,3.5,3,4,6,2,2,2,2,1,2,?,48,9,1
2.071429,3.166667,3,2,6,2,1,1,2,2,6,?,41,8,1
2.55,3.022727,3,2,6,1,2,1,2,2,8,?,?,8,1
3.782609,3.269231,3,4,6,1,2,2,1,2,2,?,?,8,1
3.979167,4.037037,3,4,6,1,1,2,1,2,3,?,?,7,1
2.645833,3.020833,3,4,6,2,2,2,2,2,1,?,39,8,1
4.5,4.5,1,2,6,2,2,1,2,2,3,97,43,9,1
3.065217,3.210526,3,2,6,2,1,1,1,0,4,?,26,9,1
2.125,1.409091,3,2,6,2,2,1,2,1,2,81,31,9,0
1.6,2.566667,1,2,6,2,1,1,2,1,2,68,21,7,1
4.225,4.428571,3,4,6,2,2,2,1,1,1,?,46,9,1
3.595238,3,3,4,6,2,2,2,2,1,2,?,48,8,1
3.82,3.611111,1,2,6,2,2,1,2,1,3,85,20,9,1
3.928571,4.190476,1,2,6,2,2,1,1,2,4,?,40,9,1
2.565217,2.153846,1,1,6,2,1,1,2,1,1,83,25,9,1
2.52381,1.823529,3,2,6,2,1,1,2,1,2,60,16,4,1
4.309524,4.095238,1,2,6,2,2,1,1,1,2,95,48,9,1
3.865385,3.844828,3,4,6,1,2,2,2,2,3,?,47,4,1
2.05,2.555556,1,2,6,2,2,1,1,1,1,76,23,10,1
3.47619,2.975,1,2,6,2,1,1,1,2,3,87,32,9,1
3.304348,3.326923,3,4,6,1,1,2,1,1,3,?,?,8,1
1.105263,0,1,2,6,2,2,1,2,2,2,82,22,7,0
2.23913,2.361111,3,4,6,2,2,2,2,2,1,?,32,8,1
3.54,2.521739,1,2,6,2,2,1,2,1,1,81,34,7,1
3.526316,2.477273,1,2,6,2,1,1,2,1,1,78,19,7,1
1.78,?,1,2,6,2,1,1,2,1,1,87,28,9,0
4.38,4.425,1,2,6,2,2,1,2,1,4,74,26,9,1
3.027778,2.235294,3,4,6,2,2,2,2,1,2,?,29,9,1
2.309524,3.043478,3,4,6,1,2,2,2,1,3,?,?,8,1
2.875,3.068182,3,4,6,1,2,2,2,2,3,?,?,8,1
3.826087,3.704545,1,2,6,2,2,1,1,1,6,80,26,9,1
3.32,1.333333,1,2,6,2,2,1,2,1,3,?,32,9,1
2.875,2.795455,1,2,6,2,1,1,2,1,1,88,43,9,1
3.456522,3.52381,3,2,6,2,1,1,1,1,2,90,40,8,1
2.695652,2.630435,1,1,6,2,1,1,2,1,1,73,29,9,1
3.06,3.304348,3,4,6,1,2,2,2,2,3,?,45,8,1
3.277778,3.44,3,4,6,1,2,2,2,1,3,?,?,9,1
0.2,0,3,2,6,2,1,1,2,0,3,17,23,9,0
2.94,1.727273,1,2,6,2,2,1,1,1,2,75,19,9,0
0,?,1,2,6,2,2,1,2,0,4,50,26,9,0
1.857143,?,?,4,6,2,2,2,2,1,1,?,47,7,0
3.804348,3.714286,3,4,6,2,2,2,1,2,2,?,40,4,1
4.065217,3.72,1,2,6,1,1,1,2,2,3,74,?,9,1
1.526316,0.157895,1,2,6,2,2,1,2,1,2,48,21,7,0
1.710526,0.346154,2,2,6,2,1,1,2,1,2,63,10,7,0
2.956522,3.52381,3,4,6,2,2,2,1,2,1,?,35,8,1
2.157895,3.552632,3,4,6,2,1,2,2,1,2,75,49,8,1
4.02381,4.184211,3,2,6,2,2,1,2,2,5,?,44,10,0
1.975,0,1,2,6,2,2,1,2,1,3,69,?,9,1
0.4375,0,1,2,6,2,2,1,2,1,1,72,20,7,0
3.925,3.02381,1,2,6,2,2,1,2,0,4,?,39,7,1
2.571429,2.388889,1,2,6,2,1,1,2,1,1,87,38,9,1
3.4,3.326087,1,2,6,2,2,1,2,1,3,79,35,3,1
3.521739,3.288462,3,4,6,1,2,2,1,1,3,?,?,7,1
0.543478,0,3,4,6,2,2,2,2,1,3,?,27,?,1
2.369565,2.6875,1,2,6,2,1,1,1,1,1,86,22,10,1
3.347826,2.704545,3,4,6,2,2,2,1,1,1,?,31,4,1
3.456522,2.98,3,4,6,1,2,2,2,2,3,?,?,9,1
?,?,3,4,6,2,2,2,1,1,1,?,19,7,0
3.880952,3.434783,1,2,6,2,1,1,2,1,1,82,42,9,1
1.541667,1.934783,1,2,6,2,2,1,2,1,1,74,24,9,1
3.56,3.318182,1,2,6,2,1,1,2,1,1,80,29,9,1
0.157895,0,1,2,6,2,1,1,2,1,1,77,19,7,0
3.854167,3.66,?,4,6,2,2,2,2,1,2,?,49,8,1
2.58,2.282609,1,2,6,2,2,1,2,1,2,67,19,7,1
3.882353,3.605263,1,2,6,2,2,1,2,2,3,84,25,9,1
2.210526,2.363636,1,8,6,2,2,1,2,1,7,?,16,9,1
4.217391,4.333333,3,2,6,2,2,1,1,2,7,?,46,10,1
3.354167,3.681818,1,2,6,2,2,1,2,1,2,81,20,7,1
2.928571,2.375,1,2,6,2,1,1,2,1,3,65,36,9,1
3.452381,1.090909,3,4,6,2,1,2,2,1,3,?,47,10,1
3.068182,2.977273,1,2,6,2,1,1,2,1,2,77,32,?,1
3.818182,3.75,3,4,6,2,2,2,2,1,2,?,47,10,1
1.230769,1.625,1,2,6,2,2,1,2,1,1,72,23,7,1
3.916667,3.815789,1,2,6,2,2,1,2,1,1,93,39,9,1
1.176471,1.95,1,2,6,2,1,1,2,1,2,52,16,7,1
2.275,1.9,3,4,6,1,2,2,2,2,3,?,?,4,0
3.875,4.119048,1,2,6,2,2,1,2,1,1,85,40,10,1
1.568182,?,1,2,6,2,2,1,2,0,3,60,29,8,0
4.434783,4.46,1,2,6,1,2,1,1,2,3,?,?,9,1
2.416667,2.365385,3,4,6,1,2,2,1,1,3,?,?,7,1
1.59375,2.978261,3,2,6,2,1,1,2,1,1,?,36,7,1
2.304348,1.809524,3,4,6,1,2,2,2,2,3,?,?,8,1
3.5,3.5,3,4,6,1,2,2,1,2,3,?,?,4,1
0,?,1,2,6,2,2,1,2,1,1,77,29,7,0
4.095238,3.97619,1,2,6,2,2,1,1,1,1,102,?,9,1
3.354167,3.821429,3,4,6,1,2,2,2,2,3,?,?,8,1
0,?,3,4,6,1,2,2,2,2,3,?,?,8,0
3.083333,3.522727,1,2,6,2,1,1,2,1,3,96,42,9,0
4.261905,4.340909,1,8,6,2,2,1,2,2,8,?,38,9,1
4.23913,4,1,2,6,2,1,1,1,2,3,92,26,9,1
2.9,2.886364,3,4,6,1,2,2,2,2,3,?,?,8,1
3.5,3.692308,3,4,6,1,2,2,1,2,4,?,?,8,1
3.565217,3.28,3,4,6,1,2,2,2,1,2,?,?,9,1
1.525,0,1,2,6,2,2,1,2,1,2,73,16,9,0
2,1.388889,1,2,6,2,1,1,2,1,1,78,22,7,0
1.285714,1.458333,3,4,6,1,2,2,1,2,3,?,?,10,1
0,?,1,2,6,2,2,1,2,1,4,53,25,9,0
3.409091,3.194444,1,2,6,2,2,1,2,1,3,48,15,9,1
3.173913,3.18,3,4,6,1,2,2,2,2,3,?,?,10,1
2.1,2.386364,?,4,6,2,2,2,2,1,3,?,44,8,0
3.025,3.275,1,2,6,2,2,1,2,1,1,82,29,9,1
2.434783,2.307692,3,4,6,1,2,2,2,1,3,?,?,8,1
3.568182,3.236842,3,4,6,2,2,2,2,2,1,?,45,9,1
2.90625,1.884615,3,2,6,2,2,1,2,1,1,79,27,9,1
3.35,3.361111,3,2,6,2,2,1,1,2,3,?,46,4,1
4.131579,3.891304,2,2,6,2,2,1,2,2,6,?,46,8,1
4.357143,4.409091,1,2,6,2,2,1,2,1,3,85,48,10,1
4.076923,4.434783,1,2,6,1,2,1,2,2,7,93,?,10,1
0.947368,2.03125,1,2,6,2,2,1,1,1,1,78,14,7,0
4.08,4.175,1,2,6,2,2,1,2,2,7,?,21,9,1
3.895833,3.857143,1,2,6,2,2,1,1,2,2,86,21,9,1
2.289474,2.478261,1,2,6,2,2,1,2,1,2,?,15,7,1
3.16,3.545455,1,2,6,2,2,1,1,1,1,97,38,9,1
3.428571,3.4,3,4,6,2,2,2,2,1,4,?,43,8,1
3.541667,3.021739,1,2,6,2,2,1,2,1,2,90,30,9,1
3.904762,2.590909,3,4,6,2,2,2,2,2,1,?,42,9,1
4.285714,4.019231,3,5,6,2,2,2,1,1,3,?,49,8,1
3.942308,3.769231,3,4,6,1,1,2,2,2,3,?,?,4,1
3.673913,3.942308,?,4,6,1,2,2,2,2,5,?,?,7,1
3.880952,3,1,2,6,2,1,1,1,1,1,90,43,9,1
3.52,3.391304,1,2,6,2,2,1,2,1,1,89,40,3,1
3.916667,3.769231,3,2,6,1,1,1,2,2,7,?,?,10,1
3.708333,3.25,?,5,6,2,2,2,2,1,2,?,48,7,1
3.804348,3.565217,1,2,6,2,2,1,2,1,1,83,39,9,1
4.021739,3.74,1,2,6,1,2,1,1,2,5,?,?,10,1
3.041667,3.303571,3,4,6,1,2,2,2,1,4,?,?,7,1
2.421053,1.076923,1,2,6,2,2,1,2,1,2,67,24,7,1
2.833333,3.318182,3,2,6,2,2,1,2,2,3,?,?,8,0
4.304348,4,1,2,6,2,1,1,1,2,3,97,44,9,1
4.238095,3.891304,3,2,6,2,2,1,2,2,6,?,48,10,1
3.568182,3.148148,3,4,6,1,2,2,2,1,4,?,?,9,1
4.022727,3.796296,3,4,6,1,2,2,2,1,3,?,?,10,1
2.416667,3.527778,3,4,6,2,2,2,2,2,1,?,49,10,1
0,?,1,2,6,2,2,1,2,1,3,?,?,9,0
4.434783,4.277778,3,4,6,2,2,2,2,2,2,?,49,10,1
2.090909,1.833333,1,2,6,2,2,1,2,1,2,60,17,3,1
3.04,3.083333,1,1,6,2,1,1,2,1,4,61,27,9,1
2.891304,2.788462,3,4,6,1,2,2,2,2,4,?,?,8,1
3.55,3.6,1,2,6,2,2,1,2,2,3,81,37,9,1
2.386364,?,3,4,6,1,2,2,2,1,3,?,?,3,0
2.15,?,3,4,6,1,2,2,2,2,3,?,28,9,0
0,0,3,2,6,2,1,1,1,1,1,63,26,7,0
0,0,1,2,6,2,2,1,2,1,1,72,37,7,0
0,1.45,1,2,6,2,1,1,2,1,2,45,?,2,1
3.857143,3.568182,3,4,6,2,2,2,1,2,2,?,38,10,1
3.833333,3.464286,3,4,6,1,1,2,2,1,3,?,?,8,1
4,3.630435,3,4,6,2,2,2,2,2,1,?,45,8,1
3.227273,3.136364,1,2,6,2,1,1,2,1,1,74,41,8,1
3.043478,3.166667,3,2,6,2,2,1,2,2,2,85,38,9,1
3.547619,3.282609,1,2,6,2,2,1,2,1,3,54,12,8,1
3.078947,2.636364,1,2,6,2,2,1,2,1,4,68,22,7,1
0.24,0,1,2,6,2,2,1,2,1,3,?,17,7,0
2.722222,2.659091,3,4,6,2,2,2,2,2,1,?,21,8,1
2.55,2.772727,3,4,6,1,2,2,2,1,3,?,?,7,1
3.5,3.416667,3,2,6,2,1,1,1,2,5,80,43,4,1
3.06,2.538462,3,4,6,1,2,2,1,2,3,?,?,8,1
2.525,2.261905,3,4,6,1,2,2,2,2,3,?,?,10,1
0.54,?,1,2,6,2,1,1,2,1,1,66,24,7,0
3.568182,3.763158,3,2,6,2,2,1,1,2,3,94,38,10,0
3.272727,1.5,1,2,6,2,2,1,2,1,1,76,?,7,1
2.521739,2.7,3,4,6,1,2,2,2,1,3,?,?,10,0
4.065217,3.934783,?,5,6,2,2,2,2,1,5,?,49,8,1
3.222222,3.448276,3,4,6,1,2,2,2,1,3,?,?,7,1
4.159091,4.236842,3,4,6,2,2,2,2,0,6,?,48,10,0
0,?,3,4,6,2,2,2,1,2,2,?,?,8,0
2.357143,2.970588,1,2,6,2,2,1,1,1,3,81,32,9,1
4.194444,4.055556,1,2,6,2,2,1,1,2,3,94,?,9,1
4.095238,4.222222,1,2,6,2,2,1,1,2,3,102,?,9,1
3.729167,3.729167,3,4,6,2,2,2,2,1,3,?,45,8,1
3.454545,?,3,2,6,2,2,1,2,1,3,78,23,7,0
3.08,2.65,3,2,6,2,1,1,1,1,1,85,35,7,1
3.5,2.846154,3,2,6,2,2,1,1,2,6,?,47,4,1
3,?,1,2,6,2,1,1,2,2,3,83,26,9,0
2.447368,2.394737,3,4,6,2,2,2,2,1,2,?,?,7,1
0,?,3,2,6,2,2,1,2,1,2,55,12,4,0
0,0,1,2,6,2,2,1,2,1,1,72,29,7,1
2.9,3,1,2,6,2,2,1,1,2,3,68,?,9,1
2.2,3.125,1,2,6,2,1,1,1,2,6,?,19,9,1
2.1,0.596154,1,1,6,2,1,1,2,1,1,71,22,9,0
2.04,1.159091,1,2,6,2,2,1,2,2,3,73,32,9,1
1.26087,?,1,2,6,2,1,1,2,1,2,75,21,8,0
3.02,2.15,1,2,6,2,2,1,2,1,3,82,48,9,1
3.913043,2.833333,1,2,6,1,2,1,2,2,3,?,?,10,0
3.73913,3.809524,3,4,6,2,1,2,2,1,2,92,47,8,1
3.159091,3.409091,?,8,6,2,2,1,2,?,?,?,41,7,1
4.5,4.333333,1,2,6,2,2,1,2,2,3,104,?,9,1
2.472222,2.65625,3,4,6,2,2,2,2,1,2,88,42,10,1
3.021739,3.833333,?,4,6,2,2,2,2,1,1,?,39,9,1
?,?,1,2,6,2,2,1,2,1,1,66,17,7,0
3.759259,4.019231,3,4,6,1,2,2,2,2,3,?,?,8,1
4.22,4.136364,1,2,6,2,1,1,1,1,1,92,47,9,1
0.32,?,1,2,6,2,2,1,2,0,3,53,15,9,0
3.73913,3.571429,3,4,6,1,2,2,2,2,3,?,?,10,1
2.15,?,3,4,6,1,2,2,2,1,3,?,?,7,0
2.428571,1,1,2,6,2,2,1,2,1,1,63,21,7,0
3.434783,3.428571,3,4,6,2,2,2,1,1,2,?,37,4,1
1.535714,1.117647,3,4,6,1,2,2,2,2,3,?,?,8,1
0.705882,?,3,2,6,2,1,1,2,2,3,?,47,?,0
4.113636,3.977273,3,2,6,2,2,1,1,2,5,89,46,8,1
?,?,1,2,6,2,1,1,2,1,2,64,21,9,0
3.4,3.090909,3,4,6,1,2,2,2,1,3,?,?,7,1
2.657895,1.888889,1,4,6,2,2,2,2,0,3,?,14,8,1
3.826923,4.347826,1,4,6,1,1,2,2,2,4,?,?,9,1
1.086957,1.45,3,4,6,2,2,2,1,1,1,?,?,7,0
3.28,2.795455,1,2,6,2,2,1,2,1,1,84,28,9,1
0,?,1,2,6,2,2,1,2,0,2,?,16,9,0
3.75,3.02381,3,4,6,2,2,2,2,1,2,?,46,9,1
0,?,1,2,6,2,1,1,2,1,2,92,?,?,0
2.318182,0,1,2,6,2,2,1,1,1,2,63,17,9,1
4.057692,3.73913,3,4,6,1,2,2,2,2,3,?,?,9,1
1.973684,1.204545,?,4,6,2,2,2,2,1,2,?,?,7,1
?,?,3,2,6,2,2,1,2,1,2,74,33,4,0
2.571429,0,1,2,6,2,2,1,2,0,3,?,19,7,0
3.391304,2.547619,3,4,6,1,1,2,2,2,3,?,?,9,1
4.2,4.142857,1,2,6,2,2,1,2,1,1,83,25,3,1
2.73913,2.64,3,4,6,1,2,2,2,2,3,?,?,10,1
3.694444,3.166667,3,4,6,1,2,2,1,2,3,?,?,8,1
2.804348,3,3,4,6,2,2,2,2,1,1,?,42,8,1
3,3.153846,3,4,6,1,2,2,2,2,3,?,?,8,1
1,1.538462,1,2,6,2,1,1,2,1,7,65,19,7,0
1.071429,0,1,2,6,2,1,1,2,1,1,?,31,9,1
3.565217,4,1,2,6,1,1,1,1,2,3,86,?,9,1
4.309524,4.190476,1,2,6,2,2,1,1,2,4,81,39,9,1
2.033333,2.071429,3,4,6,1,2,2,2,1,3,?,?,9,1
3.047619,3.195652,1,2,6,2,1,1,2,2,2,79,34,9,1
3.409091,2.37037,3,4,6,1,2,2,1,2,3,?,?,8,1
4.18,4.152174,3,2,6,1,1,1,2,2,4,?,?,10,0
3.954545,3.045455,3,2,6,2,2,1,2,1,1,83,35,8,1
4.38,4.272727,1,2,6,2,1,1,2,1,4,73,31,9,1
3,3.45,?,4,6,2,2,2,2,1,3,?,?,10,1
3.4,3.4,3,2,6,2,1,1,1,2,3,91,33,10,0
3.217391,3.25,3,4,6,1,2,2,1,2,4,?,?,8,1
3.145833,1.619048,3,2,6,2,2,1,2,2,4,?,38,8,1
2.98,2.6,1,2,6,2,2,1,2,1,1,73,28,9,1
3.131579,1.25,1,2,6,2,2,1,2,1,1,73,20,9,1
3.909091,3.159091,3,4,6,2,1,2,2,1,4,?,49,8,1
4.090909,3.840909,3,4,6,2,2,2,2,2,1,?,45,8,1
4.176471,4.214286,1,2,6,2,2,1,1,2,4,79,?,8,1
3.026316,2.291667,1,2,6,2,1,1,2,1,1,72,25,7,1
3.619048,4.041667,3,2,6,2,2,1,1,2,3,?,?,8,1
0.26087,2.318182,3,4,6,1,1,2,2,1,3,?,43,8,1
3.54,2.142857,1,2,6,2,2,1,2,1,1,75,31,9,1
3.611111,3.851852,1,8,6,1,2,1,2,2,7,?,?,10,1
0,?,?,4,6,1,2,2,2,2,3,?,?,8,0
3.56,3.7,1,2,6,2,1,1,2,1,1,91,46,9,1
?,?,2,2,6,2,1,1,1,1,1,80,23,8,0
3.475,3.045455,3,4,6,1,2,2,2,1,3,?,?,8,1
3.145833,2.5,1,2,6,2,1,1,2,1,1,86,28,9,1
3.705882,3.673913,3,4,6,1,2,2,2,1,3,?,?,8,1
3.840909,4.26087,1,2,6,2,1,1,2,1,1,92,?,?,1
0.714286,0,3,4,6,1,1,2,2,1,3,?,?,8,0
3.825,3.225,?,4,6,2,2,2,2,2,3,?,?,?,1
3.5,4.02,3,4,6,1,2,2,2,2,3,?,?,10,1
4.130435,4.02381,?,4,6,2,2,2,1,1,3,?,42,8,1
2.921053,2,3,4,6,1,1,2,2,1,3,?,?,8,1
3.5,3.911765,?,4,6,2,1,2,2,1,5,?,35,9,1
1.94,2.5,1,2,6,2,2,1,2,1,1,69,36,7,1
3.5,2.934783,1,2,6,2,2,1,2,1,1,91,28,9,1
2.8,?,1,2,6,2,2,1,2,1,1,76,23,9,0
2.97619,3.363636,1,8,6,2,2,1,2,0,6,?,30,9,1
4.086957,3.590909,3,4,6,2,2,2,1,1,3,?,?,3,1
4.285714,3.886364,3,4,6,2,2,2,2,1,2,?,44,10,1
2.852941,2.880952,1,2,6,2,1,1,2,2,1,83,25,7,1
2.404762,2.041667,1,2,6,2,2,1,2,0,1,64,?,9,1
3.055556,3.480769,3,4,6,1,2,2,2,1,3,?,?,7,1
2.7,1.815789,1,2,6,2,1,1,2,1,2,78,32,9,1
3.666667,3.58,3,4,6,1,2,2,1,1,4,?,?,9,1
2.847826,3.428571,3,4,6,2,2,2,1,1,2,?,32,8,1
2.921053,3.846154,1,2,6,2,1,1,1,2,3,93,43,9,1
2.880952,2.666667,3,4,6,2,2,2,2,2,3,?,37,4,1
0.230769,?,3,4,6,2,2,2,2,1,2,?,39,2,0
1.954545,3.125,1,2,6,2,2,1,2,1,3,76,33,4,1
2.795455,2.543478,1,2,6,2,1,1,2,1,1,78,?,?,1
2.2,1.47619,1,2,6,2,2,1,2,1,1,82,23,7,1
0,?,3,4,6,2,2,2,2,0,1,?,48,8,0
2.388889,2.7,3,2,6,2,2,1,2,1,2,67,34,9,0
3.56,3.175,1,2,6,2,2,1,2,1,1,74,34,9,1
3.458333,3.38,?,4,6,2,1,2,1,1,2,?,?,?,1
0.45,?,1,2,6,2,2,1,2,1,2,56,23,7,0
2.1,?,1,2,6,2,2,1,2,0,1,66,25,9,0
0.375,0,3,4,6,2,2,2,2,2,1,?,37,8,0
1.979167,1.605263,1,2,6,2,2,1,2,1,1,75,27,9,1
4.086957,3.673077,1,1,6,2,1,1,2,1,1,77,31,9,1
4.23913,?,1,2,6,2,2,1,1,2,3,105,45,9,0
2.23913,3.095238,3,2,6,2,2,1,2,1,1,82,38,8,1
3.652174,3.625,3,4,6,2,1,2,1,2,1,?,47,9,1
3.68,3.68,3,4,6,1,2,2,1,1,3,?,?,8,1
4.043478,?,3,4,6,2,2,2,1,1,2,?,46,9,0
3.086957,2.875,1,2,6,2,2,1,2,1,1,76,31,9,1
3.681818,2.021739,?,4,6,2,1,2,2,1,5,?,22,10,1
3.022727,?,1,2,6,2,2,1,2,1,1,76,16,9,0
3.44,3.23913,1,2,6,2,2,1,2,1,1,78,24,7,1
0,?,?,4,6,2,2,2,2,1,2,?,38,4,0
2.545455,2.842105,1,2,6,2,1,1,1,1,2,67,24,7,1
1.34,0.3,1,2,6,2,2,1,2,1,1,68,20,3,1
2.730769,3.882353,1,2,6,2,1,1,1,1,3,75,29,7,1
0.46,2.84375,3,4,6,2,2,2,2,1,2,?,17,7,1
2.275,1.233333,1,2,6,2,1,1,2,1,3,73,24,7,1
4.282609,4.238095,3,2,6,2,2,1,2,2,7,?,48,8,1
3.916667,3.979167,1,2,6,2,1,1,1,1,4,86,50,8,1
3.464286,3.470588,3,4,6,2,2,2,2,1,2,?,38,8,1
4.275,4.363636,1,2,6,2,1,1,2,2,4,88,47,9,1
3.82,3.6,1,2,6,2,2,1,2,2,3,69,30,9,0
2.26,2.076923,3,4,6,1,2,2,1,2,3,?,?,8,1
4.225,3.911765,1,2,6,2,2,1,2,2,7,?,35,8,1
1.727273,1.9,1,2,6,2,1,1,2,1,3,67,37,9,1
3.272727,2.608696,1,2,6,2,1,1,2,2,1,89,?,?,1
3.979167,3.333333,?,4,6,2,1,2,2,1,4,?,48,?,1
4.214286,4.047619,3,2,6,2,2,1,2,2,5,?,49,10,1
4,3.5,3,4,6,1,1,2,2,1,3,?,?,8,1
0.695652,?,1,2,6,2,1,1,1,1,1,69,18,4,0
2,0,1,2,6,2,2,1,2,1,1,73,33,9,0
2.547619,2.891304,1,2,6,2,1,1,2,1,2,78,27,9,0
2.733333,3.02381,1,2,6,2,2,1,2,2,3,67,41,9,1
3.9,3.928571,3,4,6,1,2,2,1,1,3,?,?,10,1
3.152174,2.865385,3,4,6,1,2,2,2,2,3,?,?,8,1
3.043478,2.730769,3,4,6,1,2,2,2,1,3,?,?,8,1
2.416667,2.708333,3,4,6,1,2,2,2,1,4,?,?,8,1
2.842105,0.736842,1,2,6,2,1,1,2,1,1,88,23,9,1
3.9,3.727273,3,4,6,1,2,2,2,2,3,?,?,8,1
0,?,1,2,6,2,1,1,2,1,2,72,15,3,0
1.730769,1.866667,?,4,6,2,1,2,2,1,3,?,35,10,1
2.891304,2.730769,1,1,6,2,1,1,2,1,1,82,20,7,1
3.277778,2.5,1,2,6,2,1,1,2,1,1,81,?,?,1
3.4,?,1,2,6,2,2,1,2,2,3,70,33,9,0
3.586957,3.307692,3,4,6,1,2,2,1,1,4,?,?,8,0
2.456522,2.380952,3,4,6,2,2,2,2,1,1,?,37,9,1
2.25,2.2,1,2,6,2,2,1,2,2,2,83,?,7,1
0,0,1,2,6,2,2,1,2,1,1,50,16,9,0
2.456522,2.269231,3,4,6,1,2,2,2,1,3,?,?,8,1
3.543478,3.038462,1,1,6,2,1,1,2,1,2,76,28,7,1
4.152174,3.73913,1,2,6,2,1,1,1,2,4,83,25,9,1
4.386364,4.363636,3,8,6,2,2,1,2,0,7,?,49,10,1
3.738095,3.125,3,4,6,1,1,2,2,1,3,?,?,8,1
4.285714,4.413043,3,4,6,2,1,2,2,1,3,?,47,10,1
3.729167,3.653846,3,4,6,1,2,2,2,2,3,?,?,10,1
4.022727,4,3,2,6,2,1,1,2,1,3,97,45,9,1
2.825,3,1,2,6,2,2,1,2,1,1,77,28,9,1
4.25,4.175,?,4,6,2,2,2,2,0,4,?,?,10,1
3.875,3.979167,?,4,6,2,2,2,2,1,2,?,48,8,1
3.571429,2.717391,1,2,6,2,2,1,2,1,1,84,27,9,1
0,1,1,2,6,2,2,1,2,1,1,69,34,9,0
4.23913,?,1,2,6,2,1,1,2,1,1,83,45,10,0
2.227273,2.62963,1,2,6,2,1,1,2,2,2,?,33,9,1
3.479167,3.473684,3,2,6,2,2,1,2,1,3,78,16,9,1
4.4375,4.384615,1,8,6,1,1,1,2,2,7,?,48,9,1
3.64,3.047619,1,2,6,2,2,1,2,2,4,61,?,9,1
2.7,3.204545,3,4,6,1,2,2,1,1,3,?,?,8,1
3.3125,3.888889,1,2,6,2,2,1,2,1,3,57,?,7,1
1.6,2,3,4,6,2,2,2,2,1,3,?,25,8,1
0.357143,0,1,2,6,2,2,1,2,0,3,?,26,4,1
3.695652,3.596154,3,2,6,1,2,1,1,2,4,?,?,8,1
3.717391,3.152174,3,2,6,2,1,1,2,1,1,86,44,9,1
2.5,2.26,3,4,6,1,2,2,2,1,1,?,?,7,1
4.041667,4.041667,?,4,6,2,2,2,2,1,4,?,48,8,1
4.066667,3.431034,3,2,6,2,2,1,2,2,3,72,31,9,1
3.72,2.761905,1,2,6,2,1,1,2,2,2,?,26,9,1
0.84,0,1,2,6,2,2,1,2,1,1,74,?,7,1
4.065217,3.461538,3,2,6,2,2,1,1,2,1,?,40,4,1
0,?,1,2,6,2,2,1,2,0,2,42,9,7,0
2.673913,3.138889,3,4,6,2,2,2,2,1,2,?,42,10,1
1.230769,3,1,2,6,2,1,1,2,1,2,74,37,9,0
2.340909,2.136364,2,2,6,2,1,1,2,1,1,87,?,?,1
3.52381,3.404762,3,8,6,2,2,1,2,0,7,?,?,4,1
0,0,1,2,6,2,2,1,2,1,1,68,28,1,0
3.3,2.727273,1,2,6,2,2,1,2,2,3,?,33,7,1
3.1,2.47619,1,2,6,2,2,1,2,1,1,78,19,7,1
3,3.275,1,2,6,2,2,1,2,1,2,87,24,9,1
3.934783,3.590909,?,4,6,2,2,2,2,1,3,?,48,8,1
?,?,1,2,6,2,2,1,1,1,3,93,30,9,0
4.083333,4.277778,3,4,6,1,1,2,2,2,3,?,?,9,0
1.809524,1.954545,1,2,6,2,2,1,2,2,7,?,18,9,1
0.944444,0,3,4,6,1,2,2,1,1,3,?,?,8,0
3.175,2.952381,3,4,6,1,2,2,2,1,3,?,?,9,1
0,?,1,2,6,2,2,1,2,1,2,66,22,9,0
2.227273,2.590909,1,2,6,2,2,1,1,1,3,?,29,9,1
2.425,2.767857,3,4,6,1,2,2,2,2,3,?,?,4,1
4.166667,3.978261,1,2,6,1,1,1,1,2,4,97,?,9,0
2.92,1.777778,1,2,6,2,2,1,2,2,4,?,31,9,0
3.020833,2.130435,3,4,6,2,2,2,2,2,3,?,34,8,1
2.409091,2.826087,1,2,6,2,1,1,1,2,3,73,27,4,1
3.35,4.5,1,2,6,2,1,1,2,1,3,71,21,9,0
0.795455,?,1,2,6,2,1,1,2,1,2,74,23,7,0
3.23913,3.25,1,2,6,2,2,1,2,2,2,?,46,9,1
3.108696,2.6,1,2,6,1,2,1,2,2,7,?,?,?,1
4.285714,4.16,?,4,6,2,2,2,2,1,1,?,50,8,1
4.264706,4.166667,1,2,6,2,2,1,1,2,3,101,?,9,1
2.104167,2.958333,3,4,6,2,2,2,2,1,2,75,48,8,1
3.565217,1.86,3,4,6,1,2,2,1,1,3,?,?,10,1
2.090909,1.53125,1,2,6,2,1,1,1,1,3,61,19,4,1
0,?,1,2,6,2,1,1,1,1,2,77,18,9,0
2.045455,?,1,2,6,2,2,1,2,2,1,86,28,9,0
4.166667,4.413043,3,2,6,2,2,1,2,2,6,?,?,9,0
2.047619,2.368421,1,2,6,2,2,1,1,0,3,?,29,9,1
3.130435,2.480769,1,1,6,2,1,1,2,1,1,79,28,9,1
2.525,3.388889,?,4,6,2,2,2,2,1,2,?,42,4,1
?,?,1,2,6,2,1,1,2,1,4,?,20,7,0
2.227273,1.394737,1,2,6,2,1,1,2,1,1,78,?,?,0
3.325,3.375,3,2,6,2,2,1,2,2,6,?,29,7,1
3.854167,3.791667,3,2,6,2,1,1,2,0,3,92,48,4,1
2.44,2.788462,3,4,6,1,2,2,1,2,3,?,?,8,1
3.263158,2.565217,1,2,6,2,2,1,2,1,2,85,?,8,1
3.217391,3.272727,1,2,6,2,1,1,1,1,2,73,27,9,1
2.47619,1.681818,1,2,6,2,2,1,2,0,4,57,29,4,1
4,3.884615,1,2,6,2,1,1,2,1,1,96,45,9,1
4.309524,4.142857,1,2,6,2,2,1,1,2,3,93,?,9,1
3.833333,3.28,1,2,6,2,2,1,2,2,7,?,46,8,1
4,4.083333,1,2,6,1,1,1,2,2,3,95,?,9,0
2.545455,1.025,3,2,6,2,2,1,2,1,2,69,?,8,0
1.54,0.3,1,2,6,2,2,1,2,1,1,62,26,9,1
4.113636,3.895833,3,4,6,1,2,2,2,2,3,?,?,10,1
4.021739,4.315789,1,2,6,2,2,1,1,2,3,95,30,9,1
2.928571,3.125,1,2,6,2,1,1,2,1,1,87,37,9,1
3.1,3.295455,3,4,6,1,2,2,2,1,4,?,?,7,1
2.071429,?,3,2,6,2,1,1,2,2,2,74,21,8,0
4.065217,3.952381,3,4,6,2,2,2,2,1,3,?,47,4,1
3.88,3.788462,3,4,6,1,2,2,2,2,3,?,?,8,1
2.804348,3.25,3,2,6,2,2,1,2,1,1,80,21,8,1
3.0625,?,1,2,6,2,1,1,2,2,2,80,34,9,0
2.475,1.586957,1,2,6,2,1,1,2,1,2,71,33,9,1
3.94,3.148148,3,4,6,1,1,2,2,2,3,?,?,10,1
2.44,1.636364,3,4,6,1,2,2,2,1,3,?,?,8,1
2.166667,2.033333,3,4,6,1,2,2,1,1,3,?,?,9,1
4.357143,4.409091,1,8,6,2,2,1,2,0,5,?,34,9,1
4.111111,3.5,1,2,6,2,1,1,2,2,4,80,47,10,1
3.23913,3.309524,3,4,6,2,2,2,1,2,1,?,26,8,1
2.478261,2.576923,3,4,6,1,2,2,2,1,4,?,?,7,1
2.565217,2,?,4,6,2,2,2,2,1,2,?,42,7,1
3.869565,2.782609,3,8,6,2,2,1,2,0,7,?,38,8,1
2.98,3.673077,3,4,6,1,1,2,2,2,3,?,?,10,1
3.684211,0.136364,1,2,6,2,2,1,2,2,3,92,29,9,0
3.82,4.083333,1,1,6,2,1,1,2,2,3,?,29,7,1
2.583333,2.875,3,4,6,1,2,2,2,2,3,?,?,8,1
3.652174,4,3,4,6,2,2,2,1,1,1,?,46,9,1
3.416667,3.886364,3,4,6,1,1,2,2,2,3,?,?,10,1
3.907407,4.25,?,4,6,1,1,2,2,1,3,?,48,8,1
0,?,1,2,6,2,2,1,2,0,3,71,?,?,0
3.1875,4.020833,3,4,6,2,2,2,2,1,1,?,42,8,1
4.217391,4.24,3,4,6,1,2,2,1,1,3,?,?,9,1
4.285714,4.409091,1,2,6,2,1,1,2,1,4,91,45,9,1
0.214286,?,1,2,6,2,2,1,2,1,1,57,18,7,0
1.956522,0,1,2,6,2,2,1,2,2,3,68,34,9,0
4.166667,4.309524,1,2,6,2,2,1,1,2,3,102,?,9,1
3.782609,3.227273,3,4,6,1,2,2,2,2,3,?,?,8,1
2.605263,1.880952,1,2,6,2,2,1,2,1,3,65,23,7,1
0.5,1.375,1,2,6,2,2,1,2,1,1,56,31,7,0
3.886364,4.333333,1,2,6,2,1,1,2,1,4,92,48,9,1
3.291667,3.863636,1,2,6,2,2,1,2,1,3,?,19,7,1
1.47619,1.333333,1,2,6,2,2,1,2,1,2,75,36,8,1
0.326087,1.428571,?,4,6,2,2,2,2,?,?,?,44,10,1
2.772727,2.678571,1,2,6,2,2,1,2,0,3,81,25,8,1
3.804348,4.096154,3,4,6,2,2,2,1,1,1,?,46,8,1
3.54,3.565217,3,4,6,1,2,2,1,1,3,?,?,8,1
4.2,3.956522,3,2,6,2,2,1,2,2,3,?,49,8,1
4.16,?,3,2,6,2,2,1,2,2,7,79,48,4,0
3.3125,3,1,2,6,2,2,1,2,2,6,?,39,8,1
2.5,0.6,1,2,6,2,2,1,2,1,1,71,18,7,1
3.666667,2.892857,3,4,6,1,2,2,2,1,3,?,?,7,1
3.5,1.275,1,2,6,2,2,1,2,1,3,81,44,9,0
2.6875,1.294118,1,2,6,2,2,1,2,2,3,85,28,9,1
2.291667,0,3,2,6,2,2,1,2,1,2,89,18,7,1
3.142857,2.466667,1,2,6,2,1,1,2,1,2,69,21,9,1
0,?,3,4,6,2,2,2,2,1,2,?,33,4,0
3.18,3.521739,1,2,6,2,2,1,2,1,2,84,31,7,1
3.934783,3.9,3,4,6,1,2,2,1,2,3,?,?,10,1
2.638889,2.038462,3,4,6,1,2,2,2,1,3,?,?,8,1
4.119048,3.386364,3,2,6,2,1,1,2,0,2,?,49,9,1
2.916667,2.980769,3,4,6,1,1,2,2,2,3,?,?,10,1
3.7,2.583333,1,2,6,2,2,1,2,1,3,78,27,9,1
3.68,3.454545,3,4,6,1,2,2,2,2,3,?,?,10,1
3.26087,3.4,1,2,6,2,1,1,2,1,1,82,34,9,1
2.588235,1.225,1,2,6,2,2,1,2,1,1,80,31,7,0
0,?,1,2,6,2,2,1,2,0,3,?,39,4,0
3.818182,3.078947,1,2,6,2,2,1,2,2,1,85,35,9,1
0,0,1,2,6,2,2,1,2,1,3,?,19,9,1
3.785714,2.788462,3,2,6,2,1,1,2,2,6,?,35,8,1
2.434783,1.944444,3,4,6,2,2,2,2,1,1,?,39,4,1
3.086957,3.543478,?,4,6,2,2,2,2,1,3,?,46,8,0
3.38,3.038462,3,4,6,1,2,2,1,2,3,?,?,10,1
3.761905,3.818182,?,5,6,2,1,2,2,1,2,?,47,10,1
3.852941,2.222222,1,2,6,2,2,1,2,1,3,57,48,9,1
3.3,2.886364,1,2,6,2,2,1,2,2,6,?,36,8,0
3.769231,3.2,3,4,6,2,2,2,2,1,4,?,?,?,1
2.047619,1.725,3,2,6,2,2,1,2,1,1,65,?,7,1
4.214286,4.152174,1,2,6,2,1,1,2,2,4,73,49,9,1
2,2.416667,?,4,6,2,2,2,2,1,1,?,42,4,1
2,2.181818,3,2,6,2,2,1,2,1,6,77,29,4,1
3.117647,1.14,3,2,6,2,1,1,1,2,3,53,25,8,1
?,?,1,2,6,2,1,1,2,2,2,60,32,9,0
2.090909,1,1,2,6,2,1,1,2,1,1,83,41,9,1
3.543478,3.386364,3,4,6,1,2,2,2,2,3,?,?,4,1
3.326087,2.090909,1,2,6,2,1,1,2,0,3,?,32,9,1
2.545455,1.947368,1,2,6,2,1,1,2,1,3,74,22,9,1
3.421053,2.886364,1,2,6,2,1,1,2,1,3,80,19,9,1
4.340909,3.86,?,4,6,1,1,2,2,2,3,?,41,9,1
2.545455,0.732143,3,4,6,1,2,2,1,2,3,?,?,10,1
2.694444,2.269231,3,4,6,1,2,2,2,1,3,?,?,7,1
2.0625,0,1,2,6,2,2,1,2,1,2,76,?,9,1
3.652174,3.714286,1,2,6,2,1,1,1,2,4,75,17,9,1
2.25,2.068182,3,4,6,2,2,2,2,1,2,?,40,8,1
2.15,3,?,4,6,2,2,2,2,1,1,?,41,4,1
0,?,1,2,6,2,2,1,2,1,3,89,?,?,0
3.388889,3.458333,3,4,6,2,2,2,2,1,3,?,?,8,1
0.722222,?,1,2,6,2,2,1,2,1,1,56,21,7,0
2.8,2.980769,3,4,6,1,1,2,2,2,3,?,?,10,1
2.275,0.875,1,2,6,2,2,1,2,1,2,65,22,7,0
3.02,2.958333,1,1,6,2,1,1,2,1,1,81,20,9,1
3.5,3.477273,3,2,6,2,1,1,2,2,2,79,34,7,1
4.043478,4,3,4,6,2,2,2,2,1,3,?,43,8,1
2.826087,2.615385,3,4,6,1,2,2,2,1,3,?,?,8,1
0.97619,?,1,2,6,2,2,1,2,2,2,66,25,8,0
3.4,3.391304,1,2,6,2,2,1,2,0,6,?,18,9,1
2.263158,1.727273,1,2,6,2,2,1,2,1,2,76,21,7,1
0,?,?,4,6,1,1,2,2,?,?,?,?,10,0
2.58,3.375,1,2,6,2,1,1,2,1,2,76,27,9,1
4.047619,3.529412,3,4,6,2,2,2,2,1,4,?,47,9,1
2.583333,1.525,3,4,6,1,2,2,2,1,3,?,43,7,1
2.833333,2.818182,1,2,6,2,2,1,2,1,1,85,32,7,1
2.5625,2.22,3,4,6,2,2,2,2,2,1,?,49,8,1
2.76,2.56,?,4,6,1,2,2,1,1,3,?,?,10,1
3.56,3.7,3,2,6,2,2,1,2,1,2,100,44,8,1
2.4375,3.227273,1,2,6,2,2,1,2,1,1,79,24,7,1
0.386364,?,1,2,6,2,2,1,1,2,2,75,19,9,0
2.913043,3.153846,3,4,6,1,2,2,1,1,3,?,?,7,1
3.125,1.892857,1,2,6,2,2,1,2,2,3,83,28,9,1
4.25,3.571429,1,2,6,2,1,1,2,1,1,93,44,9,1
3.6,2.777778,1,2,6,2,2,1,2,1,1,83,38,9,1
3.270833,2.729167,3,4,6,1,1,2,2,1,3,?,?,10,1
3.5,3.928571,1,2,6,2,1,1,1,2,5,86,41,9,1
4.4,4.166667,3,4,6,1,2,2,2,1,3,?,?,7,1
4,3.238095,1,2,6,2,2,1,1,1,2,90,?,9,1
0.931818,?,1,2,6,2,2,1,2,0,3,?,26,9,0
1.575,1.108696,3,2,6,2,2,1,2,1,3,52,21,4,0
2.16,1.166667,1,2,6,2,2,1,2,0,5,61,21,7,1
3.020833,2.961538,3,4,6,1,2,2,2,1,4,?,?,10,1
4.131579,3.90625,1,2,6,2,2,1,2,1,3,98,36,9,1
2.833333,1.883333,3,4,6,1,2,2,2,1,3,?,?,8,1
3.325,3.318182,3,4,6,1,2,2,2,1,3,?,?,4,1
1.157895,?,1,2,6,2,2,1,2,1,3,52,?,7,0
3.347826,3.5,1,2,6,2,1,1,1,1,3,?,38,7,1
3.305556,3.673077,3,4,6,1,2,2,2,1,3,?,?,7,1
2.54,3.108696,1,2,6,2,2,1,2,1,2,66,12,7,1
3.269231,2.105263,1,2,6,2,1,1,1,1,2,67,28,9,1
0,?,1,2,6,2,2,1,2,1,1,63,23,7,0
3.454545,3.346154,1,2,6,2,2,1,1,2,3,69,25,9,1
0,?,1,2,6,2,2,1,2,1,2,70,29,9,0
2.630435,3.113636,?,4,6,2,2,2,2,1,3,?,36,8,1
1.4375,0,1,2,6,2,2,1,2,1,3,71,27,9,0
4.021739,3.880952,3,4,6,2,2,2,1,1,1,?,44,7,1
2.230769,1.785714,?,4,6,2,2,2,2,1,1,?,38,4,1
2,1.833333,1,2,6,2,2,1,2,1,3,54,21,7,1
3.73913,4.347826,?,4,6,2,2,2,1,1,2,?,49,7,1
0.5625,?,1,2,6,2,1,1,2,1,3,68,15,9,0
4.357143,4.409091,1,2,6,2,1,1,2,2,4,82,42,9,1
3.804348,3.782609,3,4,6,1,2,2,2,2,3,?,?,8,1
4.130435,4.095238,3,2,6,2,1,1,2,2,3,80,44,8,1
2.714286,2.722222,1,2,6,2,2,1,2,1,6,?,25,9,0
2.869565,3.16,3,4,6,1,2,2,2,2,3,?,?,10,1
0.25,?,1,2,6,2,2,1,3,1,2,70,27,9,0
1.857143,0.428571,1,2,6,2,1,1,2,2,1,74,24,7,1
2.184211,0.5625,1,2,6,2,2,1,2,1,1,66,18,9,1
1.805556,2.473684,3,4,6,2,2,2,2,1,2,?,37,8,1
3.766667,3.333333,1,2,6,2,1,1,2,2,5,90,?,?,1
4.058824,2.886364,3,4,6,1,1,2,2,1,3,?,?,10,1
3.895833,3.75,3,4,6,1,2,2,2,2,3,?,46,10,1
3.02,2.2,1,2,6,2,1,1,2,1,1,86,20,7,1
2.86,2.380952,3,2,6,2,2,1,2,1,2,60,24,4,1
3,2.5,1,2,6,2,2,1,2,2,2,75,26,7,1
2.18,1.566667,1,2,6,2,2,1,2,1,2,65,?,9,0
3.818182,1.75,1,2,6,2,1,1,2,2,3,82,19,10,1
3.73913,3.173077,3,4,6,1,2,2,1,2,3,?,?,8,1
3.145833,2.727273,3,2,6,2,2,1,2,1,1,77,31,8,0
4.1,4.047619,3,4,6,1,2,2,1,1,3,?,?,9,1
4.145833,3.5,1,2,6,2,2,1,2,0,2,107,34,9,1
3.804348,3.307692,3,4,6,1,2,2,1,2,3,?,?,10,1
0.736842,0.833333,1,2,6,2,1,1,2,1,1,70,20,9,1
4.16,4,1,2,6,2,2,1,2,1,1,87,30,9,1
3.395833,3.673913,3,4,6,1,2,2,2,2,3,?,?,8,1
2.815789,1.85,3,4,6,2,2,2,2,1,2,?,30,4,1
2.369565,1.78125,?,4,6,2,2,2,1,1,2,?,38,8,1
3.441176,1.363636,1,2,6,1,2,1,1,2,3,90,?,9,0
3.047619,2.772727,1,2,6,2,2,1,2,2,3,?,29,9,1
0.5,1.857143,1,2,6,2,1,1,2,1,2,83,42,9,0
3.875,4,3,4,6,1,2,2,2,2,3,?,?,8,1
0,0,1,2,6,2,2,1,1,0,2,66,27,9,0
3.5,3.25,1,2,6,2,1,1,1,0,7,73,32,10,1
4.428571,?,1,2,6,2,2,1,1,2,3,100,?,9,0
3.02,3.18,?,4,6,2,2,2,2,1,3,?,45,8,1
3.1,3,3,2,6,2,2,1,2,1,1,84,30,9,1
3.479167,3.277778,3,2,6,2,1,1,2,2,6,?,42,8,1
3.673913,3.075,1,2,6,2,1,1,2,1,1,76,38,9,1
3.295455,3.159091,1,2,6,2,1,1,2,1,2,89,20,7,1
3.875,4.115385,3,4,6,1,1,2,2,2,3,?,?,10,1
1.956522,1.738095,?,4,6,2,2,2,1,1,1,?,36,8,1
3.22,2.857143,1,2,6,2,2,1,2,1,1,86,39,9,1
3.479167,3.285714,1,2,6,2,1,1,2,1,1,86,39,10,1
3.583333,1.666667,1,2,6,2,2,1,2,1,1,?,35,9,1
1.184211,0.136364,1,2,6,2,1,1,2,1,1,62,14,7,0
3.285714,3.526316,1,2,6,2,2,1,2,2,6,71,34,9,1
3.318182,3.565217,1,2,6,2,1,1,2,1,2,90,?,?,1
4.142857,4.074074,?,4,6,1,2,2,2,1,3,?,?,9,1
3.181818,2.727273,1,4,6,2,1,2,2,1,3,?,38,9,1
2.368421,?,1,2,6,2,1,1,2,0,1,74,25,7,0
2.25,1.705882,3,2,6,2,2,1,2,1,2,92,35,10,1
0.26087,0,1,2,6,2,2,1,2,0,2,45,18,9,0
3.58,2.978261,1,2,6,2,2,1,2,1,1,87,36,7,1
2.75,2.384615,3,4,6,1,2,2,2,2,3,?,?,8,1
3.26087,2.461538,3,4,6,1,1,2,2,2,3,?,?,10,1
0,?,1,4,6,2,2,2,2,0,2,67,6,7,0
4.4375,4.32,3,4,6,2,2,2,2,0,3,?,48,8,1
3.552632,3.78,3,4,6,1,2,2,2,2,3,?,?,8,1
1.928571,3.676471,1,2,6,2,2,1,2,1,3,57,22,9,1
2.717391,2.384615,3,4,6,1,2,2,1,2,3,?,?,8,1
2,2.2,1,2,6,2,2,1,2,1,1,64,?,9,1
1.75,0.727273,3,2,6,2,1,1,2,1,2,58,17,9,1
0.681818,?,1,2,6,2,2,1,2,1,1,68,16,7,0
4.238095,4.086957,1,2,6,2,1,1,2,2,3,88,35,9,1
0,0,1,2,6,2,1,1,2,1,2,74,27,9,0
3.708333,4,1,2,6,2,1,1,2,1,1,87,46,9,1
2.416667,2.125,3,4,6,1,2,2,2,1,3,?,?,3,1
2.652174,3.466667,1,2,6,2,2,1,1,1,1,72,20,9,1
2.66,0.8,1,2,6,2,2,1,2,1,2,78,26,9,0
1.833333,?,3,4,6,2,1,2,1,1,1,?,38,8,0
3.916667,4.166667,3,4,6,2,2,2,2,1,1,?,47,7,1
2.175,2.25,3,4,6,1,2,2,1,2,3,?,?,8,1
0.333333,?,1,2,6,2,1,1,2,1,1,71,27,9,0
3.630435,3.416667,3,4,6,2,2,2,1,2,1,?,41,10,1
3.205882,2.973684,3,4,6,1,2,2,2,1,3,?,?,10,1
2.388889,2.692308,3,4,6,1,2,2,2,1,3,?,?,8,1
2.75,?,1,2,6,2,2,1,2,1,3,76,20,9,0
4.043478,3.826923,3,4,6,1,2,2,1,2,3,?,?,7,1
3.1875,2.923077,3,2,6,2,2,1,2,2,4,?,23,4,1
3.75,3.045455,1,2,6,2,1,1,2,2,3,?,?,?,1
3.025,2.772727,3,4,6,1,2,2,1,1,4,?,?,8,1
4.347826,4.229167,?,4,6,1,2,2,1,2,5,?,?,9,1
2.6,1.825,3,2,6,2,2,1,2,1,1,76,32,3,1
2.68,2.190476,1,2,6,2,2,1,2,1,3,65,19,7,1
3.86,3.722222,1,2,6,2,2,1,2,0,3,78,28,9,1
3.52,3.568182,?,2,6,2,1,1,2,0,8,?,40,9,1
3.363636,2.444444,3,4,6,1,2,2,1,1,3,?,?,7,1
3.586957,3.416667,3,4,6,2,2,2,1,1,2,?,42,8,1
2.891304,3.666667,3,4,6,2,2,2,2,2,3,?,26,8,1
2,0,3,4,6,2,2,2,2,2,1,?,40,8,1
1.9,2.590909,3,4,6,1,2,2,2,1,3,?,?,4,1
0.886364,0,1,2,6,2,2,1,2,1,2,?,35,9,0
2.75,2.958333,3,4,6,1,1,2,2,1,2,?,?,8,1
3.204545,?,1,2,6,2,2,1,2,1,1,84,28,10,0
3.880952,3.894737,1,2,6,2,1,1,2,2,3,87,35,9,1
4.26087,3.954545,?,4,6,1,2,2,1,2,4,?,48,9,1
4.12,4.296296,3,4,6,1,1,2,1,2,3,?,48,10,1
2.083333,1.763158,1,2,6,2,1,1,2,0,3,?,?,3,0
3.441176,4,1,2,6,2,2,1,1,1,1,94,27,9,1
2.416667,0,1,2,6,2,1,1,1,1,2,77,26,3,1
0,?,1,2,6,2,1,1,2,2,2,95,45,7,0
4.238095,4.318182,3,2,6,2,2,1,2,2,7,?,43,4,1
3.42,2.277778,1,2,6,2,2,1,2,1,5,83,31,9,1
3.230769,3.021739,3,4,6,1,2,2,2,2,3,?,?,10,1
2.729167,2.84,1,4,6,2,1,2,1,1,2,?,38,7,1
?,?,1,2,6,2,2,1,2,1,1,80,31,7,0
1.55,1.105263,1,2,6,2,2,1,2,1,1,73,18,8,1
2.5,2.5,1,1,6,2,1,1,2,1,1,70,20,9,1
1.34375,3.142857,1,2,6,2,1,1,2,1,1,77,19,7,1
3.38,3.875,1,1,6,2,1,1,2,1,2,63,?,7,1
2.630435,2.821429,3,4,6,2,2,2,2,2,1,?,46,10,1
4.119048,3.3,3,4,6,2,2,2,2,1,1,?,48,8,1
0.176471,0,1,2,6,2,2,1,2,1,1,57,?,?,0
3.954545,4,3,2,6,2,1,1,1,2,5,?,48,8,1
4.104167,3.7,3,4,6,1,2,2,1,2,3,?,?,10,1
2.119048,2.68,3,4,6,1,2,2,2,2,3,?,?,8,1
1.785714,?,1,2,6,2,1,1,2,2,3,73,20,9,0
3.619048,3.738095,1,2,6,2,2,1,1,2,7,78,37,9,1
2.36,?,1,2,6,2,2,1,2,1,2,68,27,7,0
3.23913,3.44,3,4,6,1,2,2,1,1,3,?,?,9,1
3.97619,3.96,?,5,6,2,2,2,2,0,3,?,49,8,1
3.264706,3.5,?,4,6,2,2,2,2,1,1,?,44,4,1
3.36,2.44,3,2,6,2,1,1,2,1,2,77,33,8,1
3.4375,3.681818,1,2,6,2,1,1,2,0,3,92,41,9,1
3.6,2.638889,1,2,6,2,2,1,2,1,2,77,?,9,1
0.47619,?,1,2,6,2,1,1,2,1,1,81,31,9,0
3.645833,3.305556,3,2,6,2,1,1,2,2,2,95,46,10,1
2.886364,?,1,2,6,2,1,1,2,1,2,82,34,9,0
1.525,1.84375,1,2,6,2,2,1,2,1,1,79,17,9,1
1.571429,1.710526,1,2,6,2,1,1,2,1,1,73,32,9,1
2.72,0.909091,1,2,6,2,2,1,2,1,2,63,16,8,1
3.847826,3.7,3,4,6,1,2,2,1,1,3,?,?,9,1
3.729167,3.761905,1,2,6,2,1,1,2,2,3,98,38,9,1
0,?,3,4,6,1,2,2,1,1,6,?,?,7,0
4.173913,3.557692,1,1,6,2,1,1,2,1,1,91,27,7,1
0.375,?,1,2,6,2,2,1,2,1,1,71,25,3,0
4.195652,4.115385,1,1,6,2,1,1,2,1,2,85,41,7,1
4.25,3.925,?,4,6,2,2,2,1,1,4,?,?,10,1
2.25,2.666667,1,2,6,2,2,1,1,1,2,73,20,7,1
3.0625,3.5625,3,4,6,2,2,2,2,2,1,?,48,8,1
3.26087,3.714286,1,2,6,2,1,1,2,0,2,82,41,7,1
2.863636,3.125,1,2,6,2,2,1,2,2,6,?,17,9,1
4.166667,4.444444,3,4,6,2,2,2,1,1,4,?,43,10,1
2.176471,2.361111,1,2,6,2,2,1,2,1,3,25,13,3,1
2.92,2.25,1,2,6,2,2,1,2,1,1,87,42,9,1
3.84,3.28,3,4,6,1,1,2,2,1,3,?,?,7,1
3.904762,4.022727,3,8,6,2,2,1,2,1,5,?,47,4,1
0,3.7,1,2,6,2,2,1,2,1,4,79,25,9,1
3.5,3.08,3,4,6,1,2,2,1,2,3,?,?,10,1
4.134615,4.347826,3,4,6,1,2,2,1,2,3,?,47,9,1
3.7,0,1,2,6,2,2,1,2,1,2,85,?,9,1
2.833333,?,1,2,6,2,1,1,2,1,3,105,?,?,0
4.107143,4.111111,1,2,6,2,2,1,2,2,3,96,?,9,1
3.225,2.652174,3,2,6,2,1,1,2,1,1,72,33,3,1
3.272727,2.727273,1,2,6,2,1,1,2,1,1,84,25,7,1
2.909091,2.795455,1,2,6,2,1,1,2,1,1,76,38,7,1
2.055556,2.153846,3,4,6,1,2,2,2,2,3,?,?,8,1
4.23913,4.45,?,4,6,2,2,2,1,1,2,?,49,10,1
2.615385,2.34,3,4,6,1,2,2,1,1,3,?,?,9,1
3.97619,3.847826,3,2,6,2,1,1,1,1,1,85,29,9,1
2.9,2.625,3,4,6,2,2,2,2,2,2,?,34,8,1
2.690476,3.111111,3,4,6,1,2,2,2,1,3,?,?,9,1
4.083333,3.980769,3,4,6,1,1,2,1,1,3,?,?,9,1
4.304348,3.673077,3,4,6,2,2,2,2,1,1,?,46,8,1
2.52,3.225,1,2,6,2,2,1,2,1,3,73,26,9,1
3.973684,3.75,3,8,6,2,2,1,2,0,6,?,39,10,1
4.125,3.275,3,4,6,1,1,2,2,1,3,?,?,9,1
1.675,2.5,3,4,6,1,2,2,1,2,3,?,?,8,1
2.82,2.270833,1,1,6,2,1,1,2,1,2,48,?,9,1
0.727273,?,1,2,6,2,2,1,2,1,6,75,24,9,0
3.388889,3.44,3,4,6,1,2,2,2,1,3,?,?,9,1
3.065217,2.631579,1,4,6,2,1,2,2,1,4,?,21,7,1
3.108696,3.22,3,8,6,2,2,1,2,0,7,?,19,8,1
4,3.94,3,2,6,2,1,1,1,2,3,?,45,8,1
3.108696,2.611111,3,4,6,1,1,2,2,1,3,?,?,9,1
2.28,1.913043,1,2,6,2,2,1,2,1,1,72,24,7,1
2.217391,1.263158,1,2,6,2,1,1,2,2,2,69,16,7,1
0,?,3,4,6,2,2,2,1,1,1,?,?,8,0
2.434783,2,3,4,6,2,2,2,2,2,1,?,34,8,1
3.428571,3.875,1,2,6,2,2,1,1,2,3,?,19,7,1
4,3.75,?,4,6,2,2,2,2,1,5,?,?,10,1
3.68,3.583333,1,2,6,2,2,1,2,1,1,80,34,9,1
4.35,3.96,1,2,6,1,2,1,1,2,3,98,?,9,0
0.818182,?,1,2,6,2,2,1,1,1,2,58,15,7,0
4.108696,4.1,3,4,6,2,2,2,2,2,1,?,46,10,1
2.4,2.590909,3,4,6,1,2,2,2,1,3,?,?,7,1
3.295455,2.761905,3,4,6,1,2,2,2,1,3,?,?,10,1
3.083333,2.019231,3,4,6,1,2,2,2,1,3,?,?,8,1
2.28,2.42,3,4,6,1,2,2,2,2,3,?,?,8,1
3.125,3.075,3,2,6,2,2,1,2,2,7,?,?,8,1
3.934783,3.880952,3,4,6,2,2,2,1,2,3,?,45,8,1
3.26,3.111111,1,2,6,2,2,1,2,1,1,85,26,9,1
3.3,3.547619,3,4,6,1,2,2,1,1,3,?,?,9,1
3.6,2.5,3,4,6,2,2,2,2,1,1,?,43,9,1
2.9375,2.711538,3,4,6,1,2,2,2,2,3,?,?,10,1
3.913043,3.452381,3,4,6,2,1,2,2,1,1,?,45,8,1
2.68,2.5,3,4,6,1,2,2,2,2,3,?,?,8,1
3.76087,3.74,3,4,6,1,2,2,1,2,3,?,?,10,1
3.826087,3.522727,1,2,6,2,1,1,1,1,5,91,33,4,1
2.413043,1.3,3,4,6,2,2,2,1,1,1,?,25,8,1
2.375,2.954545,3,4,6,1,2,2,1,1,5,?,?,7,1
3.326087,2.62,3,4,6,1,1,2,2,1,3,?,?,9,1
4.041667,4.333333,3,4,6,2,1,2,2,1,3,?,49,10,1
4.173913,4.282609,?,4,6,2,2,2,2,1,3,?,44,8,1
3.785714,?,3,4,6,2,2,2,2,1,1,?,49,10,0
1.96,1.764706,1,2,6,2,2,1,1,1,1,75,16,8,1
3.608696,3.613636,1,2,6,2,2,1,1,1,2,73,21,9,1
3.222222,3.423077,3,4,6,1,1,2,1,1,3,?,?,4,1
1.270833,?,3,4,6,2,2,2,2,1,3,?,44,?,0
3.738095,2.454545,1,2,6,2,2,1,1,2,3,?,39,10,1
3.210526,1.431818,1,2,6,2,2,1,2,1,1,65,20,8,1
2.772727,3.214286,?,4,6,2,2,2,1,1,3,?,49,8,1
3.595238,2.236842,1,2,6,2,2,1,2,2,3,81,19,10,1
3.3,3.1,1,4,6,2,2,2,2,2,5,?,?,?,1
2.44,2.652174,1,2,6,2,2,1,2,1,1,84,30,7,1
2.375,2.818182,1,2,6,2,2,1,1,1,1,70,26,9,0
2.166667,2.590909,3,4,6,1,2,2,2,1,3,?,?,8,1
4.173913,3.891304,?,4,6,2,2,2,2,0,2,?,48,8,1
2.282609,0,1,1,6,2,1,1,2,1,3,74,32,8,1
3.333333,3.442308,3,4,6,1,2,2,2,2,3,?,?,10,1
1.35,0,?,4,6,2,2,2,2,1,2,?,46,8,1
2.913043,2.772727,3,4,6,1,2,2,2,2,3,?,?,8,1
0.363636,0,1,2,6,2,1,1,2,2,3,85,42,7,1
1.92,0.25,1,2,6,2,2,1,2,1,2,73,23,9,1
3.652174,3.82,3,4,6,1,2,2,1,2,3,?,?,9,1
1.636364,0.863636,1,2,6,2,1,1,2,1,2,79,42,7,1
4.02,3.478261,1,2,6,2,2,1,2,1,1,81,37,7,1
1.913043,1.233333,1,1,6,2,1,1,2,1,3,64,?,9,0
3.386364,2.25,1,2,6,2,1,1,2,1,1,84,?,?,1
3.76087,4.027778,1,2,6,2,2,1,1,2,3,88,40,9,1
4.5,4.409091,3,2,6,2,1,1,1,2,5,100,50,10,1
2.925,2.222222,1,2,6,2,2,1,1,2,2,74,26,9,0
2.03125,?,1,2,6,2,2,1,2,2,5,?,?,9,0
4.282609,3.722222,1,2,6,2,1,1,1,1,1,92,46,9,1
4.369565,3.880952,1,2,6,2,2,1,2,2,7,?,43,7,1
2.805556,2.519231,3,4,6,1,2,2,1,1,3,?,?,7,1
0.142857,0,1,2,6,2,2,1,2,0,3,55,?,?,0
2.071429,2.545455,?,4,6,1,1,2,2,1,3,?,?,8,1
4.0625,4.16,3,4,6,2,2,2,2,1,3,?,48,8,1
3.233333,3.78125,3,4,6,2,2,2,2,2,3,?,49,8,1
4.434783,4.380952,1,2,6,2,1,1,1,1,1,99,29,9,1
2.94,3.25,1,2,6,2,2,1,2,1,3,?,21,9,1
2.54,2.75,3,4,6,1,1,2,2,2,4,?,?,10,1
1.730769,2.363636,3,4,6,2,1,2,1,1,2,73,47,10,1
3.684211,2.85,1,2,6,2,1,1,2,1,1,88,27,7,1
1.357143,0,1,2,6,2,2,1,2,1,1,62,23,7,1
3.42,2.636364,3,4,6,1,2,2,2,2,3,?,?,10,1
4.108696,4.14,1,2,6,1,1,1,1,2,6,?,?,9,1
2.847826,0.825,1,2,6,2,2,1,2,0,1,81,37,9,1
1.86,2,1,2,6,2,2,1,2,1,1,71,28,9,1
2.472222,1.26,3,4,6,1,2,2,1,2,3,?,19,8,0
4.28,4.068182,1,2,6,2,1,1,1,2,3,97,20,9,1
3.673913,3.714286,3,4,6,2,2,2,1,2,2,?,40,4,1
4.304348,4.166667,?,4,6,2,2,2,1,1,3,?,48,8,1
3.434783,3.134615,3,4,6,1,2,2,1,2,3,?,?,8,1
3.208333,2.565217,3,4,6,1,2,2,2,2,3,?,?,8,1
3.88,3.863636,1,2,6,2,1,1,2,1,2,69,34,9,1
1.5625,0,1,2,6,2,2,1,2,1,2,55,18,9,0
3.452381,2.142857,3,4,6,1,2,2,2,1,3,?,?,9,1
4.045455,4.434783,1,2,6,2,1,1,2,2,2,?,?,?,1
1.15,1.815789,3,2,6,2,1,1,2,2,4,?,25,8,1
3.85,4.022727,3,4,6,1,2,2,1,1,3,?,?,7,1
3.673913,3.461538,?,4,6,2,1,2,2,1,2,?,48,8,1
2.894737,2.740741,3,4,6,1,1,2,2,2,4,?,?,7,1
3.888889,3.5,3,2,6,1,2,1,1,2,5,?,?,?,1
?,?,1,2,6,2,2,1,2,1,3,65,17,9,0
1.125,1.0625,1,2,6,2,1,1,2,1,1,65,14,7,0
2.131579,2.981481,3,4,6,1,2,2,2,1,3,?,?,10,1
0.705882,?,1,2,6,2,2,1,2,1,1,62,24,8,0
1.761905,0,1,2,6,2,2,1,2,1,2,74,?,4,1
3.02381,2.772727,3,4,6,2,2,2,2,1,1,?,39,4,1
3.368421,3.456522,1,2,6,2,1,1,2,1,1,87,?,8,1
3.36,3.56,1,2,6,2,1,1,2,1,3,92,44,8,1
2.625,2.8,3,4,6,2,2,2,2,2,3,?,?,8,1
0,?,3,4,6,2,2,2,2,2,2,?,16,8,0
3.73913,3.315789,?,4,6,2,2,2,2,1,3,?,24,9,1
3.825,3.666667,3,4,6,1,2,2,2,2,3,?,?,10,1
0,?,1,2,6,2,2,1,2,0,2,50,20,7,0
3.76,4.1,3,2,6,2,1,1,2,2,7,?,46,8,1
1.261905,0.964286,1,2,6,2,1,1,2,1,2,74,17,9,0
3.473684,2.909091,1,8,6,2,2,1,2,2,5,?,22,9,1
2.9,2.825,1,2,6,2,2,1,2,1,1,74,36,10,1
3.56,3.477273,3,2,6,2,1,1,2,1,1,84,19,10,1
2.6,2.433333,1,2,6,2,2,1,2,1,2,70,39,9,1
?,?,1,2,6,2,2,1,2,2,3,72,20,9,0
3,3.952381,?,4,6,2,2,2,1,1,3,?,46,4,1
3.0625,3.282609,3,4,6,2,2,2,2,2,1,?,48,10,1
4.295455,4.078947,1,2,6,2,1,1,2,2,5,?,45,10,1
3.4,3.096154,3,4,6,2,2,2,2,0,3,?,46,8,1
2.46,2.56,?,4,6,2,2,2,2,1,2,?,44,8,1
3.630435,3.26,?,4,6,1,1,2,2,1,4,?,49,8,1
3.225,1.90625,1,2,6,2,1,1,2,2,2,75,32,9,0
2.76087,2.229167,1,2,6,2,2,1,2,1,2,71,34,9,1
3.5,3.42,3,4,6,1,2,2,2,1,4,?,?,10,1
2.333333,2.634615,3,4,6,1,2,2,1,1,3,?,?,7,1
4.136364,3.977273,1,2,6,2,2,1,2,1,1,89,40,7,1
4.047619,3.76,1,2,6,2,1,1,2,1,2,88,47,9,1
2.65,3.05,1,2,6,2,1,1,2,1,1,84,21,9,1
1.578947,2.1,1,2,6,1,2,1,2,2,3,?,?,?,1
3.261905,2.956522,1,2,6,2,1,1,2,1,1,88,30,9,1
4.214286,4.071429,1,2,6,2,2,1,1,2,3,?,37,9,1
3.86,4.340909,1,2,6,2,2,1,1,2,2,87,47,10,0
3.1,3.022727,3,4,6,1,2,2,2,2,3,?,?,8,1
2.5625,2.068182,3,4,6,2,2,2,2,1,3,?,43,8,1
4.105263,4.159091,1,8,6,2,2,1,2,0,8,?,32,9,1
4.369565,4.5,3,1,6,2,1,1,2,2,4,85,46,10,1
2.956522,2.704545,3,4,6,1,1,2,2,1,3,?,?,7,1
4.181818,3.714286,3,2,6,2,2,1,2,2,3,?,35,10,1
4.357143,4.5,1,2,6,2,1,1,1,2,5,?,50,9,1
3.214286,3.068182,?,4,6,2,2,2,2,1,3,?,44,10,1
0.727273,0.692308,1,2,6,2,1,1,2,1,2,71,27,9,1
3.8125,3.547619,3,4,6,2,1,2,2,2,1,?,46,10,1
2.642857,3.104167,?,5,6,2,2,2,2,1,3,?,43,4,1
3.73913,2.7,3,4,6,1,2,2,2,1,3,?,?,9,1
3.14,3.7,1,2,6,2,2,1,2,1,1,77,33,9,1
3.826087,3.7,3,4,6,1,2,2,1,1,3,?,?,8,1
3.690476,2.625,3,4,6,2,2,2,2,1,3,?,44,8,1
3.909091,3.318182,3,4,6,2,2,2,2,2,3,?,24,8,1
3.309524,3.631579,1,2,6,2,1,1,2,1,1,78,20,9,1
1.833333,?,3,4,6,2,2,2,2,1,1,?,44,8,0
3.34,3.42,1,2,6,2,2,1,2,1,1,72,16,3,1
3.1,3.5,1,2,6,2,2,1,1,1,2,84,?,9,1
4.184211,3.975,1,2,6,2,2,1,2,1,3,82,30,9,1
4.25,3.865385,3,4,6,1,2,2,1,1,3,?,?,8,1
2.75,2.875,1,2,6,2,1,1,1,1,2,87,40,9,1
0.761905,?,1,2,6,2,1,1,2,1,1,73,25,7,0
2.5,2.545455,3,4,6,2,2,2,2,1,2,?,25,8,0
3.02381,2.545455,?,4,6,2,2,2,2,1,1,?,48,4,1
3.3,3.5,3,4,6,1,2,2,2,1,3,?,?,7,1
0.545455,?,1,2,6,2,2,1,2,2,3,76,?,9,0
4.104167,4.0625,1,2,6,2,2,1,2,1,3,92,47,4,1
4.1,2.815789,?,5,6,2,1,2,2,1,3,?,48,10,1
4.295455,4.28,?,4,6,2,1,2,2,1,5,?,44,7,1
4.5,4.461538,1,2,6,1,1,1,1,2,4,?,?,9,1
3.625,3.12,?,4,6,2,2,2,1,1,1,?,44,7,0
1.928571,1.617647,1,2,6,2,2,1,2,1,1,51,19,9,1
1.428571,?,3,2,6,2,1,1,2,1,1,62,25,4,0
0,?,1,2,6,2,1,1,1,1,1,65,11,7,0
2.880952,2.166667,3,8,6,2,2,1,2,1,4,74,18,9,1
3.62,4,1,1,6,2,1,1,2,2,3,85,29,9,0
3.76,4.083333,1,1,6,2,1,1,2,2,4,?,?,3,1
3.56,3.153846,3,4,6,1,2,2,2,2,3,?,?,8,1
3.3,3.108696,1,2,6,2,2,1,2,1,2,68,20,7,1
2.107143,3,3,4,6,1,2,2,2,1,3,?,?,8,1
2.958333,3.160714,3,4,6,1,2,2,1,2,3,?,?,8,1
3.785714,3.652174,1,2,6,2,1,1,1,1,1,90,29,9,1
?,?,1,2,6,2,2,1,2,0,3,61,19,9,0
2.934783,2.730769,3,4,6,1,2,2,2,2,3,?,?,8,1
3.16,2.98,1,2,6,2,1,1,2,0,4,93,31,7,1
4.04,3.925,3,2,6,2,2,1,2,1,1,87,38,9,1
0,?,1,2,6,2,1,1,2,0,2,83,43,9,0
2,0,3,2,6,2,2,1,1,1,1,57,29,4,0
2.275,2.636364,3,4,6,1,2,2,2,1,4,?,?,7,1
3.043478,2.413043,1,2,6,2,2,1,2,1,1,81,42,7,1
2.978261,3.04,3,4,6,1,2,2,2,2,3,?,?,10,1
3.521739,2.782609,1,2,6,1,2,1,2,2,7,?,?,10,1
4.431818,4.409091,1,2,6,2,1,1,2,2,4,98,45,9,1
3.522727,3.022727,1,2,6,2,2,1,2,2,4,?,25,9,1
0,?,1,2,6,2,2,1,2,1,1,77,22,7,0
3.347826,1.710526,1,2,6,2,2,1,2,1,2,69,27,9,1
3.145833,2.777778,1,2,6,2,2,1,2,2,2,94,27,9,1
3.675,3.761905,3,4,6,1,2,2,1,2,3,?,?,8,1
0.652174,?,3,4,6,1,2,2,2,1,3,?,?,9,0
3.125,1.269231,3,2,6,2,1,1,2,2,2,63,43,4,1
3.825,3.568182,3,4,6,1,2,2,1,1,3,?,?,8,1
1.642857,?,1,2,6,2,1,1,2,1,1,87,24,7,0
3.847826,3.84,?,4,6,2,1,2,2,1,5,?,34,10,1
4.38,4.5,1,1,6,2,1,1,2,2,3,85,45,9,1
3.333333,3.652174,3,4,6,2,2,2,2,2,1,?,47,9,1
3.270833,3.45,3,2,6,2,2,1,2,2,5,?,16,10,1
2.82,2.02,3,4,6,1,2,2,2,1,3,?,?,4,1
2.795455,2.684211,?,4,6,2,2,2,2,1,2,?,48,8,1
2.095238,2.045455,1,2,6,2,2,1,2,2,2,?,22,3,1
3.73913,3.211538,3,4,6,1,2,2,2,1,3,?,?,8,1
3.6875,3.3,?,4,6,2,2,2,2,1,2,?,49,8,1
2.861111,1.478261,3,2,6,2,1,1,2,2,2,68,30,10,1
3.236842,1.233333,1,2,6,2,2,1,2,1,1,74,32,9,1
4,4,1,2,6,2,1,1,1,2,2,86,36,9,1
3.809524,3.652174,1,2,6,2,1,1,2,1,1,88,27,9,1
2.608696,2.846154,3,4,6,1,2,2,2,2,3,?,?,10,1
4.159091,4.421053,3,2,6,2,1,1,2,1,1,92,23,9,1
2.611111,2.470588,3,4,6,1,2,2,2,1,3,?,?,9,1
2.75,3.125,3,4,6,1,2,2,2,2,3,?,?,10,1
2.35,2.403846,3,4,6,1,2,2,1,2,4,?,?,8,1
1.857143,0,1,2,6,2,2,1,2,1,2,76,27,7,1
2.791667,2.357143,3,4,6,2,2,2,2,1,2,?,48,8,1
3.152174,3,3,4,6,1,2,2,1,2,3,?,?,10,1
2.5625,3.0625,3,4,6,1,2,2,2,2,3,?,?,8,1
3,2.961538,3,4,6,1,2,2,2,2,3,?,?,8,0
3.6875,4.047619,3,2,6,2,1,1,2,1,2,?,49,10,1
3.458333,3.727273,1,2,6,2,1,1,2,2,4,?,40,10,1
0,?,3,4,6,2,2,2,2,1,1,?,44,8,0
2.46875,0.933333,1,2,6,2,2,1,1,1,1,69,18,1,1
4.125,3.903846,3,4,6,1,1,2,2,1,3,?,?,10,1
1.363636,0.695652,1,2,6,2,2,1,2,1,2,78,36,9,0
2.852941,3.113636,3,4,6,1,2,2,1,2,3,?,?,10,1
3.03125,2.125,3,4,6,2,2,2,2,1,3,?,39,8,1
1.789474,1.5,1,2,6,2,1,1,2,1,1,76,14,9,0
2.104167,3.090909,1,2,6,2,2,1,2,1,1,75,22,7,1
3.761905,3.217391,1,2,6,2,1,1,2,2,3,89,30,10,1
3.891304,4.142857,3,4,6,2,2,2,1,2,1,?,42,8,1
4,2.809524,?,4,6,1,2,2,2,1,3,?,49,10,1
3.975,3.894737,1,2,6,2,1,1,2,1,1,95,25,9,1
3.333333,2.660714,3,4,6,1,2,2,2,2,3,?,?,4,1
3.625,2.892857,3,4,6,1,2,2,2,2,3,?,?,8,1
4.043478,3.9,3,4,6,1,2,2,1,1,3,?,?,10,1
?,?,1,2,6,2,2,1,2,1,2,59,19,3,0
1.875,2,?,5,6,2,2,2,2,1,1,?,44,4,1
3.605263,2.818182,1,2,6,2,2,1,2,1,2,59,?,9,1
3.673913,3.869565,?,4,6,2,2,2,2,1,3,?,45,7,1
2.75,2.382353,3,4,6,2,2,2,2,1,2,?,48,9,1
2.28,3.375,1,2,6,2,1,1,2,1,2,77,26,9,1
4.347826,3.452381,1,2,6,1,1,1,2,2,3,?,?,9,1
3.020833,3.846154,3,4,6,1,2,2,2,2,3,?,?,10,1
2.125,0,1,2,6,2,1,1,2,0,2,80,36,9,0
3.934783,3.68,3,4,6,1,2,2,1,2,3,?,?,8,1
4.369565,4.357143,3,2,6,2,1,1,2,2,6,?,49,4,1
4.05,3.204545,1,2,6,1,1,1,1,2,3,?,?,9,0
0.625,0,1,2,6,2,2,1,2,2,3,?,26,9,1
2.392857,3.222222,1,2,6,2,1,1,2,1,1,79,42,7,0
3.794118,3.818182,3,4,6,1,2,2,1,2,4,?,?,10,1
3.083333,3.25,3,4,6,1,2,2,2,1,3,?,?,8,1
2.5,1.833333,1,2,6,2,2,1,2,1,2,78,29,7,1
3.347826,3.136364,1,2,6,2,2,1,1,2,2,94,44,7,1
3.673913,3.2,3,2,6,2,1,1,2,1,1,76,30,7,1
2.613636,2.03125,1,2,6,2,1,1,2,2,1,80,29,7,0
0.225,0,1,2,6,2,2,1,2,1,2,60,27,9,0
0,?,1,2,6,2,1,1,1,1,3,66,20,9,0
2.826087,1.807692,3,4,6,1,1,2,2,1,3,?,?,9,1
3.380952,2.333333,1,2,6,2,1,1,1,1,1,92,40,9,0
3.428571,1.433333,1,2,6,2,1,1,1,1,3,89,49,7,1
0.204545,?,1,2,6,2,2,1,2,2,2,65,22,9,0
3.166667,2.5,3,2,6,2,2,1,1,1,3,80,26,10,1
3.2,2.595238,1,2,6,2,2,1,2,1,1,78,24,7,1
2.675,3.333333,3,4,6,1,2,2,1,1,3,?,?,9,1
4.2,3.65625,1,2,6,1,1,1,1,2,3,?,?,9,0
2.5625,2.681818,3,8,6,2,2,1,1,0,4,?,47,8,1
3.571429,2.788462,1,2,6,2,2,1,2,2,2,87,39,9,1
1.5,1.6,1,2,6,2,1,1,2,1,2,78,31,9,1
3.326087,3.519231,3,4,6,1,2,2,2,1,3,?,?,8,1
4.204545,3.98,3,4,6,2,2,2,1,2,2,?,48,8,1
2.159091,2.865385,3,4,6,1,2,2,2,2,3,?,?,10,1
3.607143,3.423077,1,2,6,2,2,1,1,1,3,89,?,3,1
0,?,3,4,6,1,2,2,2,1,3,?,?,8,0
1.5,2.444444,1,2,6,2,2,1,2,1,1,85,18,7,1
3.6,3.1,1,2,6,2,2,1,2,1,1,77,31,9,1
2.725,2.195652,1,2,6,2,2,1,2,1,1,82,43,9,1
0,?,1,2,6,2,2,1,2,1,2,52,18,3,0
0.409091,1.7,3,4,6,2,2,2,2,0,1,?,32,4,1
3.652174,3.807692,3,4,6,1,2,2,1,2,3,?,?,8,1
3.4375,2.978261,1,2,6,2,1,1,2,1,2,69,17,4,1
4.065217,3.717391,3,4,6,2,2,2,2,1,1,?,49,9,1
2.475,1.416667,1,2,6,2,1,1,2,1,1,71,31,9,1
3.022727,2.5,1,2,6,2,2,1,2,1,1,77,22,9,1
0,?,1,2,6,2,2,1,2,1,3,53,16,9,0
2.75,3.166667,?,4,6,2,2,2,2,1,3,?,44,4,1
4.272727,4.25,3,8,6,2,2,1,2,2,7,?,48,8,1
3.86,3.961538,1,2,6,2,1,1,2,1,1,95,42,9,1
3.7,3.380952,3,4,6,1,2,2,2,1,4,?,?,9,1
3.875,3.416667,3,4,6,2,2,2,2,1,1,?,48,8,1
4.090909,3.861111,1,2,6,2,2,1,2,1,5,81,28,9,1
4.195652,4.119048,3,2,6,2,1,1,1,2,7,?,47,10,1
3.56,3.190476,1,2,6,2,2,1,2,1,3,71,29,9,1
3.54,2.907407,?,4,6,1,1,2,2,1,3,?,?,10,1
1.53125,0,3,2,6,2,2,1,2,1,3,71,24,?,1
2.613636,2.87931,3,4,6,1,1,2,2,1,3,?,?,8,1
0.76087,0,1,2,6,2,1,1,2,1,1,79,34,9,0
2.642857,2.725,1,2,6,2,2,1,2,1,1,81,23,9,1
3.090909,2.772727,1,2,6,2,1,1,1,1,2,83,32,9,1
2.92,2.928571,1,2,6,2,1,1,2,1,1,79,26,9,1
3.456522,2.557692,3,4,6,1,2,2,2,1,3,?,?,7,1
4.195652,3.825,?,4,6,2,2,2,2,1,3,?,49,10,1
2.380952,2.130435,1,2,6,2,2,1,2,1,1,78,31,9,1
3.421053,?,3,2,6,2,2,1,2,2,7,?,45,8,0
3.75,3.694444,1,2,6,2,1,1,2,1,1,84,42,9,1
1,1.25,1,2,6,2,2,1,2,1,1,81,27,9,0
3.804348,3.519231,3,4,6,1,2,2,1,2,3,?,?,10,1
3.880952,3.568182,1,2,6,2,1,1,2,1,1,89,38,9,1
1.305556,?,3,2,6,2,1,1,2,1,1,75,44,7,0
0,0,3,4,6,2,1,2,2,1,3,?,?,8,0
2.86,2.375,3,4,6,2,1,2,2,0,1,?,19,8,1
1.809524,1.619048,1,2,6,2,2,1,2,1,1,78,23,7,0
3.934783,3.72,3,4,6,1,2,2,2,2,4,?,?,10,1
3.194444,3.519231,3,4,6,1,2,2,2,1,3,?,?,7,1
3.568182,2.931818,3,4,6,2,1,2,2,1,1,?,41,8,1
3.475,3.681818,?,4,6,1,2,2,2,2,4,?,38,8,1
2.73913,2.307692,3,4,6,1,2,2,2,2,3,?,?,8,1
1.782609,1.891304,3,4,6,2,2,2,2,2,1,?,43,8,1
2.657895,0.3,1,2,6,2,1,1,2,2,3,88,25,7,0
0.315789,?,1,2,6,2,2,1,2,1,3,55,22,9,0
2.2,2.59375,1,2,6,2,2,1,1,2,4,?,27,9,1
2.5,3.045455,3,4,6,1,2,2,2,1,3,?,?,8,1
0,2.636364,3,4,6,2,1,2,1,2,4,?,48,9,0
3.175,3.522727,?,4,6,2,2,2,1,1,1,?,16,10,1
3.94,2.695652,3,2,6,2,2,1,2,1,2,78,48,4,1
3.666667,3.166667,1,2,6,2,2,1,1,2,3,79,20,?,1
0,0,1,2,6,2,2,1,2,0,2,?,21,9,1
3.891304,4.019231,1,4,6,1,1,2,1,2,4,?,?,9,1
4,3.904762,1,2,6,2,2,1,1,1,1,94,?,9,1
2.947368,2.586957,3,4,6,1,2,2,2,1,3,?,?,3,1
2.642857,0,1,2,6,2,1,1,2,1,2,69,43,8,1
4.23913,4.357143,?,4,6,2,1,2,1,1,3,?,50,8,1
0,?,1,2,6,2,2,1,2,1,1,67,31,9,0
3.368421,3.12,1,2,6,2,2,1,2,1,1,79,?,9,1
3.266667,2.44,3,4,6,1,2,2,2,2,3,?,?,8,1
3.236842,2.763158,3,4,6,2,2,2,2,1,2,?,22,8,1
1.928571,2.043478,1,2,6,2,2,1,2,1,2,68,11,3,1
2,1.210526,1,2,6,2,1,1,1,1,2,74,24,9,1
2.470588,2.18,3,4,6,2,2,2,2,1,3,?,22,8,1
3.227273,3.130435,1,2,6,2,1,1,2,2,2,89,30,?,1
0,0,1,2,6,2,2,1,2,1,1,73,32,9,0
3.630435,3.833333,1,8,6,2,2,1,1,0,6,?,46,8,1
2.727273,2.295455,3,4,6,2,2,2,2,1,3,?,31,7,1
2.190476,1.411765,?,4,6,2,2,2,2,1,3,?,18,8,1
3.119048,3.041667,1,2,6,2,1,1,2,1,2,74,36,8,1
1.03125,0.666667,1,2,6,2,2,1,1,1,1,74,18,3,0
0,2.125,1,2,6,2,1,1,2,2,3,71,19,9,1
4.357143,3.886364,?,5,6,2,1,2,1,1,3,?,49,10,1
3.675,3.5,3,4,6,1,2,2,2,2,2,?,?,8,1
0,0,?,4,6,2,2,2,2,1,2,?,48,9,0
2.6,2.605263,3,4,6,1,2,2,2,1,3,?,?,10,1
2.826087,1.725,1,2,6,2,2,1,1,1,3,71,17,9,1
1.192308,1.214286,3,2,6,2,2,1,2,1,2,52,29,4,1
2.894737,2.46,3,4,6,1,2,2,2,1,3,?,?,10,1
3.391304,3.1,3,4,6,1,2,2,2,2,3,?,?,4,1
3.395833,3.478261,3,4,6,1,1,2,2,1,4,?,?,9,1
3.04,2.590909,3,4,6,1,1,2,2,2,3,?,?,10,0
3.675,3.931818,3,4,6,1,2,2,1,1,3,?,?,7,1
2.04,1.875,3,4,6,2,2,2,1,2,3,?,24,4,1
3.595238,3.340909,1,2,6,2,1,1,2,1,2,79,34,9,1
3.961538,4.108696,3,4,6,1,2,2,2,2,3,?,?,10,1
3.23913,3.527778,1,2,6,2,2,1,1,1,1,96,27,9,0
4.076923,3.108696,1,2,6,2,2,1,2,1,2,92,45,9,1
4.403846,4.434783,1,2,6,1,2,1,2,2,3,?,?,9,1
0,?,1,2,6,2,2,1,2,1,2,67,26,9,0
3.854167,3.791667,?,4,6,2,2,2,2,1,1,?,49,8,1
0,?,3,4,6,1,2,2,2,1,3,?,?,8,0
4.166667,4.111111,1,2,6,2,2,1,1,2,3,94,?,9,1
4.28,4.340909,1,2,6,2,1,1,2,1,3,72,42,9,1
1.676471,1.733333,1,2,6,2,1,1,2,1,1,81,31,9,1
1.9,2.071429,1,2,6,2,2,1,2,1,1,?,22,8,1
3.795455,?,1,2,6,2,1,1,2,1,1,85,?,?,0
0.25,?,1,2,6,2,2,1,2,1,1,67,22,7,0
3.979167,3.589286,3,4,6,1,2,2,1,2,3,?,?,4,1
2.26,1.8,1,2,6,2,1,1,2,1,1,80,22,3,1
3.3,3.275,1,2,6,2,2,1,2,1,3,77,16,9,1
2.978261,2.134615,1,1,6,2,1,1,2,1,1,88,27,9,1
3.475,3.454545,3,4,6,1,2,2,1,2,4,?,?,8,1
3.6,3.775,?,4,6,2,2,2,2,1,4,?,?,8,1
4.086957,3.94,?,4,6,1,2,2,1,2,2,?,?,9,1
1.676471,2.678571,3,4,6,2,2,2,2,2,1,?,12,4,0
4.354167,4.340909,1,2,6,2,2,1,1,1,3,96,41,9,1
3.131579,2,1,2,6,2,1,1,2,2,4,68,13,9,1
3.431818,1.795455,1,2,6,2,1,1,2,1,2,78,21,7,1
3.043478,3.08,3,4,6,1,2,2,2,2,3,?,?,8,1
2.32,2.45,1,2,6,2,2,1,2,1,2,81,30,7,1
0.48,?,1,2,6,2,2,1,2,1,1,70,24,9,0
3.333333,3.46,3,4,6,1,2,2,1,1,3,?,?,9,1
3.105263,2.666667,1,2,6,2,1,1,1,2,2,82,?,?,1
3.568182,2.826923,?,4,6,2,2,2,1,1,3,?,31,4,1
3.309524,2.868421,1,2,6,2,1,1,2,2,3,?,30,10,1
3.979167,4.227273,3,8,6,2,2,1,2,1,6,84,48,8,1
2.204545,2.347826,1,2,6,2,2,1,2,2,2,?,18,7,1
2.880952,2.47619,1,1,6,2,1,1,2,1,2,68,21,7,1
2.454545,1.84375,1,2,6,2,2,1,2,1,2,72,31,7,1
4.434783,4.5,1,2,6,2,1,1,2,1,1,93,44,9,1
3.659091,3.526316,1,2,6,1,2,1,1,2,6,?,?,8,1
4.217391,4.270833,3,4,6,1,1,2,1,2,3,?,?,10,1
4.369565,4.357143,3,4,6,2,2,2,1,1,2,?,49,7,1
3.56,1.309524,1,2,6,2,2,1,2,1,1,83,24,7,1
3.869565,3.291667,3,4,6,1,1,2,2,2,3,?,?,10,1
2.825,3.595238,?,4,6,2,2,2,2,1,3,?,46,4,1
3.8,3.795455,3,4,6,1,2,2,1,1,3,?,?,7,1
2.833333,2.28,3,4,6,2,1,2,1,1,2,84,48,8,1
3.608696,2.630435,3,4,6,2,2,2,2,1,1,?,44,4,1
2.916667,3.416667,3,4,6,1,2,2,2,2,3,?,34,10,1
2.934783,2.846154,3,4,6,1,2,2,2,2,3,?,?,8,1
3.090909,2.981481,1,4,6,1,2,2,2,2,4,?,?,8,1
2.047619,2.404762,?,4,6,1,2,2,2,1,3,?,?,7,1
3.630435,4.02381,3,4,6,2,2,2,2,2,1,?,45,7,1
1.5,2.545455,1,2,6,2,2,1,2,2,3,80,25,7,0
2.913043,3.173077,3,2,6,1,2,1,1,2,5,?,?,8,1
2.547619,2,1,2,6,2,2,1,2,1,1,?,14,7,1
3.5,3.022727,1,2,6,2,1,1,2,2,2,80,22,9,1
3.238095,3.230769,3,4,6,2,2,2,1,2,1,?,32,8,1
3.270833,3.410714,3,4,6,1,2,2,2,2,3,?,?,8,1
3.8125,3.84,?,4,6,1,2,2,2,1,3,?,?,8,1
0,?,1,2,6,2,2,1,2,2,2,67,?,?,0
2.5,?,?,4,6,2,2,2,2,1,2,?,47,10,0
2.318182,1.552632,3,2,6,2,2,1,2,1,2,78,23,4,1
4.021739,3.952381,3,4,6,2,2,2,1,2,1,?,43,8,1
0.285714,?,1,2,6,2,1,1,2,1,2,93,23,7,0
4.363636,4.184211,1,8,6,2,2,1,2,0,7,?,39,10,1
4.052632,3.222222,1,2,6,2,1,1,1,0,2,87,38,9,1
3.380952,2.840909,1,2,6,2,1,1,2,0,4,91,48,7,1
2.5,2.452381,3,4,6,1,2,2,2,1,3,?,?,7,1
4.309524,4.357143,1,2,6,2,2,1,2,1,4,84,43,9,1
1.75,1.071429,3,4,6,1,2,2,2,1,4,?,?,8,1
2.964286,3.111111,1,2,6,2,2,1,1,2,3,86,?,9,1
3.368421,2.152174,3,2,6,2,1,1,2,1,3,74,24,4,1
3.26087,2.857143,?,4,6,2,1,2,2,1,2,?,45,8,1
1,1.380952,3,4,6,2,2,2,1,2,1,?,26,8,0
0.375,0,1,2,6,2,1,1,1,1,2,63,22,9,0
3.28,3.166667,1,1,6,2,1,1,2,1,1,90,31,9,1
1.477273,1.5,3,4,6,2,2,2,2,2,1,?,15,10,1
2.357143,2.45,3,2,6,2,2,1,1,0,2,86,30,7,1
4.045455,4.236842,1,2,6,2,2,1,2,1,2,92,38,9,1
4,3.666667,1,2,6,2,2,1,1,2,3,86,?,9,1
0,?,?,4,6,2,2,2,2,1,1,?,45,8,0
3.6,3.022727,3,4,6,1,2,2,1,2,3,?,?,8,1
3.571429,2.477273,3,4,6,1,2,2,2,1,4,?,?,4,1
3.852941,4.029412,1,2,6,2,1,1,2,0,7,?,34,9,1
1.964286,2.868421,3,4,6,2,2,2,2,2,1,?,44,10,1
4.285714,3.964286,?,4,6,2,2,2,2,1,3,?,47,10,1
3.4,3.096154,3,4,6,2,1,2,2,1,2,?,46,10,1
2.25,?,1,2,6,2,2,1,2,1,3,59,20,9,0
3.204545,3.875,1,2,6,2,1,1,1,1,3,?,23,9,1
3.543478,3.538462,?,4,6,1,2,2,2,1,4,?,35,10,1
3.76,2.98,3,4,6,1,1,2,2,1,3,?,?,7,1
4.23913,4.021739,1,2,6,1,1,1,2,2,3,107,?,9,1
3.619048,3.565217,1,2,6,2,1,1,1,2,3,88,33,9,1
3.863636,3.840909,1,2,6,2,2,1,2,2,8,?,?,10,1
2.25,?,1,2,6,2,2,1,2,1,2,75,34,9,0
2.472222,2.547619,3,4,6,1,2,2,2,1,3,?,?,7,1
1.605263,?,1,2,6,2,2,1,2,1,1,78,22,9,0
2.941176,0.78125,1,2,6,2,2,1,2,1,1,68,?,9,1
3.613636,2.795455,3,4,6,2,2,2,2,1,2,88,46,8,1
3.375,3.047619,3,4,6,2,2,2,2,2,1,?,48,9,1
3.413043,2.98,3,4,6,1,2,2,2,2,3,?,?,10,1
3.847826,3.652174,3,4,6,2,2,2,2,2,1,?,47,8,1
3.62,4.145833,1,1,6,2,1,1,2,2,3,?,30,9,1
1.736842,0,1,2,6,2,2,1,2,1,2,64,19,7,1
3.652174,3.454545,3,4,6,1,2,2,2,2,3,?,?,8,1
1.52381,?,1,2,6,2,2,1,2,2,5,?,36,9,0
1.961538,0,1,2,6,2,2,1,2,1,1,72,33,9,0
2.214286,?,1,2,6,2,2,1,2,1,2,67,17,7,0
4.391304,4.192308,1,2,6,1,1,1,2,2,4,92,?,10,1
0.42,?,1,2,6,2,2,1,2,1,1,60,?,3,0
3.057692,3.4,1,9,6,2,2,1,2,0,7,67,31,9,1
2.608696,2.403846,3,4,6,1,2,2,1,2,3,?,23,8,1
1.833333,0.75,3,4,6,2,2,2,1,1,2,?,16,3,1
4.095238,4.333333,1,2,6,2,2,1,1,2,3,97,?,10,1
4.021739,3.694444,1,2,6,2,2,1,1,1,1,86,37,9,0
3.52,1.85,1,2,6,2,2,1,2,1,1,89,38,?,0
4.304348,4.24,1,2,6,1,2,1,2,2,4,?,?,9,1
1.307692,1.15,1,2,6,2,2,1,2,0,1,63,18,7,1
0.97619,1.111111,1,2,6,2,2,1,2,1,1,60,?,10,0
3.913043,4.131579,1,2,6,2,2,1,2,2,4,84,24,?,1
3.645833,3.590909,?,4,6,1,1,2,2,?,?,?,?,10,1
3.304348,2.403846,3,4,6,1,2,2,2,1,3,?,?,7,1
4.153846,4.021739,3,4,6,1,2,2,2,2,3,?,48,8,1
2.214286,1.638889,1,2,6,2,2,1,2,1,2,61,23,7,1
2.263158,1.863636,1,2,6,2,1,1,2,1,1,63,16,7,1
2.425,2.565217,3,4,6,2,1,2,1,0,2,62,37,4,1
3.4375,3.192308,3,4,6,1,1,2,2,1,3,?,?,10,1
2.477273,1.54,3,4,6,1,1,2,2,1,3,?,?,9,1
3.847826,2.826923,3,4,6,1,2,2,2,1,3,?,?,10,1
3.630435,3.769231,3,2,6,1,2,1,2,2,5,95,?,8,1
0.78,?,1,2,6,2,2,1,2,1,2,58,25,7,0
4,3.5,3,4,6,1,2,2,1,1,3,?,?,9,1
3.477273,3.596154,3,4,6,1,2,2,2,1,3,?,?,10,1
1.913043,3.25,1,2,6,2,2,1,2,1,2,76,35,9,0
1.352941,2.464286,1,2,6,2,1,1,2,1,6,62,22,3,1
3,3.16,3,4,6,1,2,2,2,2,4,?,?,8,1
1.928571,2.807692,3,4,6,2,1,2,2,1,2,67,44,8,1
4.363636,4.431818,1,2,6,2,1,1,2,2,5,?,47,9,1
3.037037,3.204545,?,4,6,1,1,2,1,1,3,?,?,8,1
2.947368,2.388889,1,2,6,2,2,1,2,1,2,76,16,9,1
2.46875,?,1,2,6,2,2,1,2,1,2,70,?,7,0
2.552632,1.615385,1,2,6,2,2,1,2,1,3,78,29,9,1
4.090909,4,1,2,6,2,1,1,2,1,1,90,31,9,1
3.5625,3.729167,3,4,6,2,2,2,2,2,1,?,47,8,1
0.52,?,3,2,6,2,2,1,2,0,4,60,32,4,0
2,0,?,4,6,2,1,2,2,1,2,?,46,8,1
0,1.727273,1,2,6,2,2,1,2,0,4,89,14,3,1
3.525,3.021739,1,2,6,2,2,1,2,1,2,88,36,9,1
2.75,3,3,4,6,1,2,2,2,2,3,?,?,8,1
2.916667,2.35,3,2,6,2,2,1,2,1,2,78,40,8,1
3.608696,3.611111,1,2,6,2,1,1,2,1,1,85,40,9,1
2.657895,1.5625,1,2,6,2,2,1,2,1,2,73,27,9,1
0.5,2.5,3,4,6,2,1,2,2,1,4,?,?,?,1
4.347826,4.06,1,2,6,1,1,1,1,2,3,102,?,9,1
2.86,2.375,3,4,6,1,2,2,2,1,3,?,?,10,1
3.347826,3.263158,?,4,6,2,1,2,1,1,2,?,21,9,1
2.52381,?,1,2,6,2,2,1,2,1,1,84,35,9,0
2.8,2.75,1,2,6,2,1,1,1,1,1,86,20,7,1
3.547619,3.022727,1,2,6,2,2,1,2,1,1,84,21,8,1
2.681818,2.340909,3,4,6,1,2,2,2,1,3,?,?,10,1
3.25,2.673077,3,2,6,2,2,1,2,1,2,71,36,4,1
3.645833,2.717391,1,2,6,2,2,1,2,1,2,67,23,7,1
0,?,1,2,6,2,1,1,2,1,2,72,14,?,0
1.62,1.5,1,2,6,2,2,1,2,1,1,75,19,7,1
3.895833,2.86,3,4,6,1,2,2,2,1,3,?,?,9,1
1.125,2,3,2,6,2,1,1,2,0,3,?,36,8,1
4.019231,4.23913,1,2,6,1,2,1,2,2,3,103,?,9,1
2.96,3.26,1,2,6,2,1,1,1,1,3,83,47,9,1
2.547619,0.25,1,2,6,2,2,1,2,1,2,75,35,9,1
3.1875,3.634615,3,4,6,1,2,2,2,2,3,?,?,10,1
0,0,3,2,6,2,2,1,2,1,2,77,39,9,0
3.931818,3.956522,1,2,6,2,1,1,2,1,3,69,?,?,1
3.909091,3.604167,1,2,6,2,2,1,1,2,3,84,38,9,1
1.782609,2.138889,3,4,6,2,2,2,1,1,2,?,13,4,1
1.388889,1.111111,1,2,6,2,1,1,2,0,4,?,39,10,1
3.804348,3.645833,3,4,6,1,2,2,1,2,3,?,?,10,1
3.583333,2.526316,3,8,6,2,2,1,2,0,8,?,49,10,1
1.119048,0.785714,1,2,6,2,2,1,2,1,2,63,35,7,1
0,?,1,2,6,2,1,1,1,1,1,64,18,7,0
2.173913,2.157895,3,4,6,2,2,2,2,1,2,?,36,8,1
2.333333,1.972222,3,4,6,1,2,2,2,2,3,?,?,4,1
2.142857,1.947368,1,2,6,2,2,1,2,2,3,?,33,10,1
2.642857,2.181818,3,2,6,2,2,1,2,0,3,44,?,4,1
2.92,3.240741,3,4,6,1,2,2,1,1,3,?,?,3,1
2.409091,3.365385,3,4,6,1,1,2,2,1,3,?,?,9,1
3.309524,2.847826,3,2,6,2,1,1,1,1,2,71,29,7,1
4.5,4.384615,3,4,6,2,2,2,2,0,2,?,46,4,1
2.583333,2.865385,3,4,6,1,2,2,2,2,3,?,?,8,1
2.947368,3.111111,1,2,6,2,2,1,1,0,3,?,27,9,1
2.9,2.4,3,2,6,2,2,1,2,1,2,71,29,7,1
2.975,2.75,1,2,6,2,2,1,2,1,1,79,29,9,1
3.652174,3.62,1,2,6,2,1,1,2,2,3,68,29,7,1
3.575,3.952381,?,4,6,2,2,2,2,1,1,?,49,4,1
2,1.863636,1,2,6,2,2,1,2,0,3,?,14,3,1
0.97619,0,1,2,6,2,2,1,2,1,1,74,45,9,0
?,?,1,2,6,2,1,1,2,1,4,108,49,9,0
2,1.909091,1,2,6,2,1,1,2,1,1,70,38,9,1
2.55,3.294118,3,2,6,2,2,1,1,1,3,79,21,10,1
2.083333,2.019231,3,4,6,1,2,2,1,1,3,?,?,8,1
2.263158,?,1,2,6,2,2,1,2,1,1,83,23,9,0
3.977273,4.043478,1,2,6,2,2,1,2,1,1,92,43,9,1
1.269231,0.266667,1,2,6,2,2,1,2,1,1,62,16,8,1
4.173913,4.02,1,2,6,1,1,1,2,2,5,?,?,9,1
1.863636,2.428571,1,2,6,2,2,1,2,1,1,64,11,3,1
3.380952,2.5,1,2,6,2,2,1,2,1,2,97,19,10,1
3.543478,3.692308,3,4,6,1,2,2,2,2,3,?,?,8,1
4.363636,3.736842,1,2,6,2,2,1,2,1,1,96,28,9,1
2.978261,2.769231,1,4,6,1,1,2,1,2,3,?,28,8,1
4.214286,3.772727,1,2,6,2,2,1,1,2,4,92,43,9,1
0,0,1,2,6,2,2,1,2,1,1,68,23,9,0
?,?,3,2,6,2,1,1,2,1,2,60,13,3,0
4.2,3.631579,1,2,6,2,1,1,2,1,2,90,35,9,1
3.565217,3.403846,3,4,6,1,2,2,1,1,3,?,?,7,1
3.94,4.022727,1,2,6,2,1,1,1,2,3,?,25,9,1
0,?,3,4,6,2,2,2,2,2,2,?,?,7,0
0,?,3,4,6,1,2,2,2,0,4,?,?,7,0
0,0,3,8,6,2,2,1,2,0,3,?,16,7,0
4.09375,1.022727,3,2,6,2,1,1,2,1,3,77,44,9,0
0.5,?,3,4,6,1,2,2,2,2,3,?,?,10,0
4.282609,4.027778,3,4,6,2,2,2,2,2,2,?,45,10,1
4.369565,4.461538,1,2,6,1,2,1,2,2,4,96,?,9,1
1.647059,1.869565,3,4,6,2,2,2,2,1,1,?,34,8,1
1.176471,?,3,4,6,1,2,2,1,2,3,?,?,7,0
0,0,1,2,6,2,1,1,2,1,2,67,34,7,1
0.18,0,1,2,6,2,2,1,2,1,3,54,17,7,0
4.261905,3.704545,3,2,6,2,1,1,2,2,6,?,49,8,1
2.7,1.944444,1,2,6,2,1,1,1,2,3,90,37,9,1
2.454545,1.695652,3,2,6,2,2,1,2,1,2,73,35,4,0
3.526316,3.1,1,2,6,2,2,1,2,1,1,79,?,9,1
1.82,2.777778,1,2,6,2,2,1,2,1,1,57,?,9,1
2,0,3,4,6,2,2,2,1,2,2,?,22,4,0
1.676471,2.6,1,2,6,2,2,1,2,1,2,67,?,9,1
2.1,1.75,1,2,6,2,2,1,2,1,1,72,21,7,1
3.673077,3.782609,3,4,6,1,2,2,2,2,3,?,?,10,1
4.5,?,1,2,6,2,1,1,2,1,4,90,42,9,0
2.117647,1.9,3,4,6,2,2,2,2,1,2,?,28,7,0
0,?,3,4,6,2,2,2,2,1,3,?,42,1,0
1.933333,2.770833,3,4,6,2,2,2,2,2,2,?,34,8,1
2.173913,3.02381,3,4,6,1,2,2,2,2,3,?,?,10,1
2.65,2.275,3,4,6,2,2,2,2,2,5,?,?,?,0
1.173913,?,1,1,6,2,1,1,2,1,1,71,15,7,0
2.526316,2.368421,3,2,6,2,2,1,2,0,2,75,25,7,1
1.55,2.184211,1,2,6,2,2,1,2,1,1,76,28,7,1
3.869565,3.071429,3,2,6,2,1,1,2,2,5,?,34,8,0
4.136364,3.804348,1,2,6,2,2,1,2,1,3,75,48,9,1
4.065217,3.217391,?,4,6,2,2,2,2,1,3,?,48,4,1
4.38,4.26087,3,4,6,1,2,2,2,1,3,?,?,8,1
3.4,3.386364,3,4,6,1,2,2,1,2,4,?,?,8,1
4.25,4.090909,1,2,6,2,1,1,2,2,3,91,30,9,1
2.547619,?,1,2,6,2,2,1,2,2,3,74,13,7,0
1.725,1.75,3,4,6,1,2,2,2,2,3,?,?,4,1
2.1,1.428571,1,2,6,2,2,1,2,1,2,69,27,7,1
1.884615,0.882353,3,4,6,2,2,2,2,2,2,?,28,8,1
3.521739,3.47619,?,4,6,2,1,2,1,1,1,?,36,8,1
0,?,3,4,6,1,2,2,1,1,3,?,?,10,0
3.704545,3.263158,1,2,6,2,2,1,2,2,4,?,32,10,1
3.586957,3.38,3,4,6,1,2,2,2,2,3,?,?,10,1
?,?,1,2,6,2,1,1,2,1,2,85,?,?,0
2.190476,2.62,1,8,6,1,1,1,2,2,7,?,40,10,1
1.972222,2.1875,3,2,6,2,1,1,2,1,7,71,?,4,1
3.75,3.76087,1,2,6,2,2,1,2,2,3,?,33,?,1
0,?,?,4,6,2,1,2,2,1,2,?,42,8,0
3.833333,3.980769,3,4,6,1,1,2,2,1,3,?,?,10,1
3.869565,3.909091,1,2,6,2,1,1,1,2,4,?,26,9,1
2.75,3,1,2,6,2,2,1,2,1,1,78,21,7,1
4.369565,4.5,1,2,6,2,1,1,1,2,3,88,34,9,1
4.25,4,1,2,6,1,2,1,2,2,4,?,?,8,1
2.714286,3.027778,1,2,6,2,1,1,1,0,4,77,25,9,1
2.5,2.4,3,2,6,2,2,1,2,1,2,72,36,4,1
0.5,?,1,2,6,2,1,1,1,1,1,66,15,10,0
2.6,2.619048,3,4,6,1,2,2,1,2,3,?,?,10,1
2.725,2.659091,3,4,6,1,2,2,2,2,3,?,?,4,1
3.347826,3.18,3,4,6,1,2,2,2,2,3,?,?,8,1
3.21875,2.058824,1,2,6,2,2,1,2,1,3,59,21,9,1
2.1875,1.5,1,2,6,2,2,1,2,1,1,72,22,9,1
3.613636,3.157895,1,2,6,2,2,1,2,1,2,91,48,9,1
2.642857,2.75,1,2,6,2,2,1,1,1,1,75,35,9,0
1.275,0.42,3,4,6,1,2,2,2,1,3,?,?,7,1
3.411765,3.904762,?,4,6,2,2,2,2,1,1,?,47,4,1
3.333333,3.673077,3,4,6,1,2,2,2,1,3,?,?,7,1
1.833333,3.3125,1,2,6,2,1,1,2,1,1,89,22,9,1
0.846154,2.25,?,4,6,2,2,2,2,1,2,?,49,4,1
3.05,2.547619,3,4,6,1,2,2,1,1,3,?,?,9,1
1.095238,?,1,2,6,2,2,1,2,0,3,?,20,7,0
2.605263,1.222222,1,2,6,2,1,1,2,1,1,77,30,9,1
0,0,1,2,6,2,2,1,2,0,2,63,?,?,0
3.48,3.413043,?,4,6,2,2,2,2,1,2,?,42,8,1
3.166667,2.777778,3,2,6,2,1,1,2,2,7,?,45,8,0
0,?,1,2,6,2,2,1,2,1,2,67,27,9,0
3.92,3.942308,3,4,6,1,1,2,2,1,4,?,?,10,1
2.659091,2.272727,1,2,6,2,1,1,2,2,3,78,?,?,0
2.305556,1.5,1,2,6,2,1,1,1,1,1,75,?,8,1
2.92,?,1,8,6,2,2,1,2,0,8,?,21,7,0
0,?,1,2,6,2,2,1,2,1,4,85,?,9,0
2.921053,2.588235,1,2,6,2,1,1,2,2,4,56,28,7,1
0,?,1,2,6,2,2,1,2,1,1,65,19,9,0
3.065217,3.066667,1,2,6,2,2,1,2,1,1,78,22,9,1
2.333333,1.74,3,4,6,2,2,2,2,0,4,?,37,10,0
2.21875,2.775,1,2,6,2,1,1,1,2,5,61,19,9,1
4.130435,3.88,3,4,6,1,2,2,2,2,3,?,?,10,1
3.75,2.910714,3,4,6,1,2,2,2,2,3,?,?,8,1
1.394737,0.631579,3,2,6,2,1,1,2,2,2,72,24,4,1
3.452381,3.636364,1,2,6,2,2,1,1,2,5,?,39,4,1
3.5,3.386364,?,4,6,2,2,2,2,1,4,?,49,9,1
1.645833,0,1,2,6,2,1,1,2,1,2,83,42,9,0
2.325,2.575,3,4,6,2,2,2,2,2,3,?,?,8,1
?,?,1,2,6,2,2,1,2,2,4,?,25,9,0
2.522727,0,1,2,6,2,2,1,2,1,6,72,39,9,0
4.2,4.375,1,8,6,2,1,1,2,2,7,?,50,8,1
0.391304,?,1,8,6,2,2,1,1,0,7,69,33,9,0
3.22,1.875,1,2,6,2,2,1,2,1,2,77,35,7,1
3.26087,3.096154,3,2,6,1,2,1,2,2,7,?,?,8,1
2.391304,2.763158,3,4,6,2,2,2,2,2,2,?,13,8,1
2.956522,1.82,?,4,6,1,2,2,2,1,3,?,?,7,1
2.666667,2.52381,?,5,6,2,2,2,2,1,1,?,41,4,1
4,4.333333,1,8,6,2,2,1,2,1,5,74,16,9,1
0.652174,?,1,2,6,2,2,1,2,1,2,78,31,7,0
2.891304,2.846154,3,4,6,1,2,2,2,1,3,?,?,9,1
3.25,2.413043,1,2,6,2,2,1,2,1,1,81,?,7,1
1.315789,0,1,2,6,2,1,1,2,1,3,64,28,9,0
3.738095,?,1,2,6,2,2,1,2,2,3,58,21,7,1
3.675,3.5,1,2,6,1,2,1,1,2,3,96,?,9,1
1.869565,2.375,1,2,6,2,1,1,1,1,1,73,23,7,1
3.357143,3.347826,1,2,6,2,1,1,1,2,4,?,30,9,1
3.695652,3.952381,3,4,6,2,2,2,2,2,2,?,42,8,1
1.413043,0,?,4,6,2,2,2,2,1,1,?,47,10,0
4.36,4.074074,1,2,6,1,1,1,1,2,4,?,?,10,1
2.020833,2.45,1,2,6,2,1,1,2,1,1,78,18,9,1
4.021739,4.357143,?,4,6,2,1,2,1,1,2,?,46,8,1
2.133333,3.205882,1,2,6,2,2,1,1,1,1,81,27,9,1
