0,1,2,3,4,5,6,7,8,9,10,11,12,13
2.28,2.42,3.0,4.0,6.0,1.0,2.0,2.0,2.0,2.0,3.0,77.15273775216139,32.55794871794872,8.0
2.846073103521127,2.820175578700078,1.0,2.0,6.0,2.0,2.0,1.0,2.0,2.0,4.0,77.15273775216139,25.0,9.0
2.94,3.25,1.0,2.0,6.0,2.0,2.0,1.0,2.0,1.0,3.0,77.15273775216139,21.0,9.0
3.473684,2.909091,1.0,8.0,6.0,2.0,2.0,1.0,2.0,2.0,5.0,77.15273775216139,22.0,9.0
4.136364,3.804348,1.0,2.0,6.0,2.0,2.0,1.0,2.0,1.0,3.0,75.0,48.0,9.0
3.895833,3.75,3.0,4.0,6.0,1.0,2.0,2.0,2.0,2.0,3.0,77.15273775216139,46.0,10.0
3.92,3.942308,3.0,4.0,6.0,1.0,1.0,2.0,2.0,1.0,4.0,77.15273775216139,32.55794871794872,10.0
3.086957,3.543478,1.0,4.0,6.0,2.0,2.0,2.0,2.0,1.0,3.0,77.15273775216139,46.0,8.0
4.083333,3.980769,3.0,4.0,6.0,1.0,1.0,2.0,1.0,1.0,3.0,77.15273775216139,32.55794871794872,9.0
3.0,2.961538,3.0,4.0,6.0,1.0,2.0,2.0,2.0,2.0,3.0,77.15273775216139,32.55794871794872,8.0
2.772727,3.214286,1.0,4.0,6.0,2.0,2.0,2.0,1.0,1.0,3.0,77.15273775216139,49.0,8.0
4.22,4.136364,1.0,2.0,6.0,2.0,1.0,1.0,1.0,1.0,1.0,92.0,47.0,9.0
3.347826,3.136364,1.0,2.0,6.0,2.0,2.0,1.0,1.0,2.0,2.0,94.0,44.0,7.0
3.26087,3.096154,3.0,2.0,6.0,1.0,2.0,1.0,2.0,2.0,7.0,77.15273775216139,32.55794871794872,8.0
2.714286,3.027778,1.0,2.0,6.0,2.0,1.0,1.0,1.0,0.0,4.0,77.0,25.0,9.0
0.0,2.820175578700078,1.0,2.0,6.0,2.0,2.0,1.0,2.0,1.0,2.0,70.0,29.0,9.0
3.704545,3.263158,1.0,2.0,6.0,2.0,2.0,1.0,2.0,2.0,4.0,77.15273775216139,32.0,10.0
3.043478,3.166667,3.0,2.0,6.0,2.0,2.0,1.0,2.0,2.0,2.0,85.0,38.0,9.0
0.0,2.820175578700078,1.0,2.0,6.0,2.0,1.0,1.0,2.0,0.0,2.0,83.0,43.0,9.0
3.5,3.42,3.0,4.0,6.0,1.0,2.0,2.0,2.0,1.0,4.0,77.15273775216139,32.55794871794872,10.0
3.973684,3.75,3.0,8.0,6.0,2.0,2.0,1.0,2.0,0.0,6.0,77.15273775216139,39.0,10.0
2.846073103521127,2.820175578700078,1.0,2.0,6.0,2.0,1.0,1.0,2.0,1.0,4.0,77.15273775216139,20.0,7.0
2.833333,2.28,3.0,4.0,6.0,2.0,1.0,2.0,1.0,1.0,2.0,84.0,48.0,8.0
2.846073103521127,2.820175578700078,1.0,2.0,6.0,2.0,2.0,1.0,1.0,1.0,3.0,93.0,30.0,9.0
4.340909,3.86,1.0,4.0,6.0,1.0,1.0,2.0,2.0,2.0,3.0,77.15273775216139,41.0,9.0
2.964286,3.111111,1.0,2.0,6.0,2.0,2.0,1.0,1.0,2.0,3.0,86.0,32.55794871794872,9.0
1.525,0.0,1.0,2.0,6.0,2.0,2.0,1.0,2.0,1.0,2.0,73.0,16.0,9.0
3.7,2.583333,1.0,2.0,6.0,2.0,2.0,1.0,2.0,1.0,3.0,78.0,27.0,9.0
0.0,2.820175578700078,1.0,2.0,6.0,2.0,2.0,1.0,2.0,0.0,2.0,42.0,9.0,7.0
2.333333,1.972222,3.0,4.0,6.0,1.0,2.0,2.0,2.0,2.0,3.0,77.15273775216139,32.55794871794872,4.0
3.434783,3.428571,3.0,4.0,6.0,2.0,2.0,2.0,1.0,1.0,2.0,77.15273775216139,37.0,4.0
3.684211,0.136364,1.0,2.0,6.0,2.0,2.0,1.0,2.0,2.0,3.0,92.0,29.0,9.0
4.4375,4.32,3.0,4.0,6.0,2.0,2.0,2.0,2.0,0.0,3.0,77.15273775216139,48.0,8.0
0.0,2.820175578700078,3.0,4.0,6.0,1.0,2.0,2.0,2.0,0.0,4.0,77.15273775216139,32.55794871794872,7.0
2.227273,2.590909,1.0,2.0,6.0,2.0,2.0,1.0,1.0,1.0,3.0,77.15273775216139,29.0,9.0
3.425,3.175,3.0,4.0,6.0,2.0,2.0,2.0,2.0,2.0,3.0,77.15273775216139,32.55794871794872,8.0
2.475,1.416667,1.0,2.0,6.0,2.0,1.0,1.0,2.0,1.0,1.0,71.0,31.0,9.0
2.159091,2.865385,3.0,4.0,6.0,1.0,2.0,2.0,2.0,2.0,3.0,77.15273775216139,32.55794871794872,10.0
2.82,2.270833,1.0,1.0,6.0,2.0,1.0,1.0,2.0,1.0,2.0,48.0,32.55794871794872,9.0
3.58,3.346154,3.0,4.0,6.0,1.0,2.0,2.0,2.0,2.0,3.0,77.15273775216139,32.55794871794872,8.0
4.285714,3.608696,1.0,2.0,6.0,2.0,1.0,1.0,1.0,1.0,2.0,98.0,39.0,9.0
0.886364,0.0,1.0,2.0,6.0,2.0,2.0,1.0,2.0,1.0,2.0,77.15273775216139,35.0,9.0
3.854167,3.791667,1.0,4.0,6.0,2.0,2.0,2.0,2.0,1.0,1.0,77.15273775216139,49.0,8.0
2.96,3.26,1.0,2.0,6.0,2.0,1.0,1.0,1.0,1.0,3.0,83.0,47.0,9.0
3.818182,3.078947,1.0,2.0,6.0,2.0,2.0,1.0,2.0,2.0,1.0,85.0,35.0,9.0
3.125,1.269231,3.0,2.0,6.0,2.0,1.0,1.0,2.0,2.0,2.0,63.0,43.0,4.0
4.217391,4.270833,3.0,4.0,6.0,1.0,1.0,2.0,1.0,2.0,3.0,77.15273775216139,32.55794871794872,10.0
0.0,2.820175578700078,3.0,2.0,6.0,2.0,2.0,1.0,2.0,1.0,2.0,55.0,12.0,4.0
2.695652,2.630435,1.0,1.0,6.0,2.0,1.0,1.0,2.0,1.0,1.0,73.0,29.0,9.0
2.913043,2.772727,3.0,4.0,6.0,1.0,2.0,2.0,2.0,2.0,3.0,77.15273775216139,32.55794871794872,8.0
3.58,2.978261,1.0,2.0,6.0,2.0,2.0,1.0,2.0,1.0,1.0,87.0,36.0,7.0
4.357143,4.409091,1.0,2.0,6.0,2.0,1.0,1.0,2.0,2.0,4.0,82.0,42.0,9.0
4.0,3.904762,1.0,2.0,6.0,2.0,2.0,1.0,1.0,1.0,1.0,94.0,32.55794871794872,9.0
2.863636,1.3,1.0,2.0,6.0,2.0,1.0,1.0,2.0,1.0,1.0,78.0,29.0,7.0
3.38,3.875,1.0,1.0,6.0,2.0,1.0,1.0,2.0,1.0,2.0,63.0,32.55794871794872,7.0
4.357143,4.326087,1.0,2.0,6.0,2.0,1.0,1.0,2.0,2.0,3.0,101.0,45.0,9.0
3.175,3.522727,1.0,4.0,6.0,2.0,2.0,2.0,1.0,1.0,1.0,77.15273775216139,16.0,10.0
0.204545,2.820175578700078,1.0,2.0,6.0,2.0,2.0,1.0,2.0,2.0,2.0,65.0,22.0,9.0
3.608696,3.611111,1.0,2.0,6.0,2.0,1.0,1.0,2.0,1.0,1.0,85.0,40.0,9.0
2.642857,2.181818,3.0,2.0,6.0,2.0,2.0,1.0,2.0,0.0,3.0,44.0,32.55794871794872,4.0
1.176471,1.95,1.0,2.0,6.0,2.0,1.0,1.0,2.0,1.0,2.0,52.0,16.0,7.0
1.809524,1.619048,1.0,2.0,6.0,2.0,2.0,1.0,2.0,1.0,1.0,78.0,23.0,7.0
2.166667,2.033333,3.0,4.0,6.0,1.0,2.0,2.0,1.0,1.0,3.0,77.15273775216139,32.55794871794872,9.0
0.5625,2.820175578700078,1.0,2.0,6.0,2.0,1.0,1.0,2.0,1.0,3.0,68.0,15.0,9.0
2.90625,1.884615,3.0,2.0,6.0,2.0,2.0,1.0,2.0,1.0,1.0,79.0,27.0,9.0
3.54,3.565217,3.0,4.0,6.0,1.0,2.0,2.0,1.0,1.0,3.0,77.15273775216139,32.55794871794872,8.0
3.673913,3.461538,1.0,4.0,6.0,2.0,1.0,2.0,2.0,1.0,2.0,77.15273775216139,48.0,8.0
3.568182,2.931818,3.0,4.0,6.0,2.0,1.0,2.0,2.0,1.0,1.0,77.15273775216139,41.0,8.0
3.847826,3.652174,3.0,4.0,6.0,2.0,2.0,2.0,2.0,2.0,1.0,77.15273775216139,47.0,8.0
1.578947,2.1,1.0,2.0,6.0,1.0,2.0,1.0,2.0,2.0,3.0,77.15273775216139,32.55794871794872,8.030172413793103
3.82,3.6,1.0,2.0,6.0,2.0,2.0,1.0,2.0,2.0,3.0,69.0,30.0,9.0
3.785714,2.820175578700078,3.0,4.0,6.0,2.0,2.0,2.0,2.0,1.0,1.0,77.15273775216139,49.0,10.0
3.694444,3.166667,3.0,4.0,6.0,1.0,2.0,2.0,1.0,2.0,3.0,77.15273775216139,32.55794871794872,8.0
2.552632,1.615385,1.0,2.0,6.0,2.0,2.0,1.0,2.0,1.0,3.0,78.0,29.0,9.0
2.173913,2.157895,3.0,4.0,6.0,2.0,2.0,2.0,2.0,1.0,2.0,77.15273775216139,36.0,8.0
0.0,2.820175578700078,1.0,4.0,6.0,2.0,2.0,2.0,2.0,0.0,2.0,67.0,6.0,7.0
3.595238,2.236842,1.0,2.0,6.0,2.0,2.0,1.0,2.0,2.0,3.0,81.0,19.0,10.0
1.928571,2.807692,3.0,4.0,6.0,2.0,1.0,2.0,2.0,1.0,2.0,67.0,44.0,8.0
3.428571,1.433333,1.0,2.0,6.0,2.0,1.0,1.0,1.0,1.0,3.0,89.0,49.0,7.0
2.729167,2.84,1.0,4.0,6.0,2.0,1.0,2.0,1.0,1.0,2.0,77.15273775216139,38.0,7.0
3.452381,1.090909,3.0,4.0,6.0,2.0,1.0,2.0,2.0,1.0,3.0,77.15273775216139,47.0,10.0
4.272727,4.25,3.0,8.0,6.0,2.0,2.0,1.0,2.0,2.0,7.0,77.15273775216139,48.0,8.0
1.315789,0.0,1.0,2.0,6.0,2.0,1.0,1.0,2.0,1.0,3.0,64.0,28.0,9.0
0.0,2.820175578700078,3.0,4.0,6.0,1.0,2.0,2.0,2.0,1.0,3.0,77.15273775216139,32.55794871794872,8.0
3.34,3.42,1.0,2.0,6.0,2.0,2.0,1.0,2.0,1.0,1.0,72.0,16.0,3.0
3.3,3.108696,1.0,2.0,6.0,2.0,2.0,1.0,2.0,1.0,2.0,68.0,20.0,7.0
3.020833,2.321429,3.0,4.0,6.0,1.0,2.0,2.0,2.0,2.0,3.0,77.15273775216139,32.55794871794872,8.0
1.92,0.25,1.0,2.0,6.0,2.0,2.0,1.0,2.0,1.0,2.0,73.0,23.0,9.0
3.934783,3.68,3.0,4.0,6.0,1.0,2.0,2.0,1.0,2.0,3.0,77.15273775216139,32.55794871794872,8.0
1.305556,2.820175578700078,3.0,2.0,6.0,2.0,1.0,1.0,2.0,1.0,1.0,75.0,44.0,7.0
3.94,3.148148,3.0,4.0,6.0,1.0,1.0,2.0,2.0,2.0,3.0,77.15273775216139,32.55794871794872,10.0
3.895833,3.857143,1.0,2.0,6.0,2.0,2.0,1.0,1.0,2.0,2.0,86.0,21.0,9.0
2.833333,2.818182,1.0,2.0,6.0,2.0,2.0,1.0,2.0,1.0,1.0,85.0,32.0,7.0
2.565217,2.0,1.0,4.0,6.0,2.0,2.0,2.0,2.0,1.0,2.0,77.15273775216139,42.0,7.0
4.0,3.884615,1.0,2.0,6.0,2.0,1.0,1.0,2.0,1.0,1.0,96.0,45.0,9.0
3.804348,3.782609,3.0,4.0,6.0,1.0,2.0,2.0,2.0,2.0,3.0,77.15273775216139,32.55794871794872,8.0
4.05,3.204545,1.0,2.0,6.0,1.0,1.0,1.0,1.0,2.0,3.0,77.15273775216139,32.55794871794872,9.0
4.214286,4.047619,3.0,2.0,6.0,2.0,2.0,1.0,2.0,2.0,5.0,77.15273775216139,49.0,10.0
3.934783,3.880952,3.0,4.0,6.0,2.0,2.0,2.0,1.0,2.0,3.0,77.15273775216139,45.0,8.0
2.9,2.825,1.0,2.0,6.0,2.0,2.0,1.0,2.0,1.0,1.0,74.0,36.0,10.0
3.673913,3.2,3.0,2.0,6.0,2.0,1.0,1.0,2.0,1.0,1.0,76.0,30.0,7.0
2.416667,0.0,1.0,2.0,6.0,2.0,1.0,1.0,1.0,1.0,2.0,77.0,26.0,3.0
4.0625,4.16,3.0,4.0,6.0,2.0,2.0,2.0,2.0,1.0,3.0,77.15273775216139,48.0,8.0
2.630435,3.113636,1.0,4.0,6.0,2.0,2.0,2.0,2.0,1.0,3.0,77.15273775216139,36.0,8.0
2.357143,2.45,3.0,2.0,6.0,2.0,2.0,1.0,1.0,0.0,2.0,86.0,30.0,7.0
2.583333,2.865385,3.0,4.0,6.0,1.0,2.0,2.0,2.0,2.0,3.0,77.15273775216139,32.55794871794872,8.0
3.9,3.727273,3.0,4.0,6.0,1.0,2.0,2.0,2.0,2.0,3.0,77.15273775216139,32.55794871794872,8.0
3.75,3.76087,1.0,2.0,6.0,2.0,2.0,1.0,2.0,2.0,3.0,77.15273775216139,33.0,8.030172413793103
0.0,2.820175578700078,1.0,4.0,6.0,2.0,2.0,2.0,2.0,1.0,2.0,77.15273775216139,38.0,4.0
4.25,4.175,1.0,4.0,6.0,2.0,2.0,2.0,2.0,0.0,4.0,77.15273775216139,32.55794871794872,10.0
3.4,3.386364,3.0,4.0,6.0,1.0,2.0,2.0,1.0,2.0,4.0,77.15273775216139,32.55794871794872,8.0
3.586957,3.416667,3.0,4.0,6.0,2.0,2.0,2.0,1.0,1.0,2.0,77.15273775216139,42.0,8.0
0.0,1.45,1.0,2.0,6.0,2.0,1.0,1.0,2.0,1.0,2.0,45.0,32.55794871794872,2.0
2.659091,2.272727,1.0,2.0,6.0,2.0,1.0,1.0,2.0,2.0,3.0,78.0,32.55794871794872,8.030172413793103
0.0,2.820175578700078,1.0,2.0,6.0,2.0,2.0,1.0,2.0,1.0,3.0,89.0,32.55794871794872,8.030172413793103
3.782609,3.269231,3.0,4.0,6.0,1.0,2.0,2.0,1.0,2.0,2.0,77.15273775216139,32.55794871794872,8.0
3.225,2.652174,3.0,2.0,6.0,2.0,1.0,1.0,2.0,1.0,1.0,72.0,33.0,3.0
3.97619,3.96,1.0,5.0,6.0,2.0,2.0,2.0,2.0,0.0,3.0,77.15273775216139,49.0,8.0
2.75,2.820175578700078,1.0,2.0,6.0,2.0,2.0,1.0,2.0,1.0,3.0,76.0,20.0,9.0
2.1,1.75,1.0,2.0,6.0,2.0,2.0,1.0,2.0,1.0,1.0,72.0,21.0,7.0
3.847826,3.84,1.0,4.0,6.0,2.0,1.0,2.0,2.0,1.0,5.0,77.15273775216139,34.0,10.0
4.130435,4.095238,3.0,2.0,6.0,2.0,1.0,1.0,2.0,2.0,3.0,80.0,44.0,8.0
3.36,3.56,1.0,2.0,6.0,2.0,1.0,1.0,2.0,1.0,3.0,92.0,44.0,8.0
3.25,2.413043,1.0,2.0,6.0,2.0,2.0,1.0,2.0,1.0,1.0,81.0,32.55794871794872,7.0
2.58,3.375,1.0,2.0,6.0,2.0,1.0,1.0,2.0,1.0,2.0,76.0,27.0,9.0
4.285714,4.409091,1.0,2.0,6.0,2.0,1.0,1.0,2.0,1.0,4.0,91.0,45.0,9.0
3.145833,2.777778,1.0,2.0,6.0,2.0,2.0,1.0,2.0,2.0,2.0,94.0,27.0,9.0
3.630435,3.833333,1.0,8.0,6.0,2.0,2.0,1.0,1.0,0.0,6.0,77.15273775216139,46.0,8.0
4.159091,4.421053,3.0,2.0,6.0,2.0,1.0,1.0,2.0,1.0,1.0,92.0,23.0,9.0
2.15,2.820175578700078,3.0,4.0,6.0,1.0,2.0,2.0,2.0,1.0,3.0,77.15273775216139,32.55794871794872,7.0
2.15,2.820175578700078,3.0,4.0,6.0,1.0,2.0,2.0,2.0,2.0,3.0,77.15273775216139,28.0,9.0
3.475,3.681818,1.0,4.0,6.0,1.0,2.0,2.0,2.0,2.0,4.0,77.15273775216139,38.0,8.0
2.475,1.586957,1.0,2.0,6.0,2.0,1.0,1.0,2.0,1.0,2.0,71.0,33.0,9.0
2.090909,1.53125,1.0,2.0,6.0,2.0,1.0,1.0,1.0,1.0,3.0,61.0,19.0,4.0
3.869565,3.071429,3.0,2.0,6.0,2.0,1.0,1.0,2.0,2.0,5.0,77.15273775216139,34.0,8.0
3.291667,3.863636,1.0,2.0,6.0,2.0,2.0,1.0,2.0,1.0,3.0,77.15273775216139,19.0,7.0
2.28,3.375,1.0,2.0,6.0,2.0,1.0,1.0,2.0,1.0,2.0,77.0,26.0,9.0
1.833333,0.75,3.0,4.0,6.0,2.0,2.0,2.0,1.0,1.0,2.0,77.15273775216139,16.0,3.0
2.083333,2.019231,3.0,4.0,6.0,1.0,2.0,2.0,1.0,1.0,3.0,77.15273775216139,32.55794871794872,8.0
4.019231,4.23913,1.0,2.0,6.0,1.0,2.0,1.0,2.0,2.0,3.0,103.0,32.55794871794872,9.0
4.166667,4.444444,3.0,4.0,6.0,2.0,2.0,2.0,1.0,1.0,4.0,77.15273775216139,43.0,10.0
1.5625,0.0,1.0,2.0,6.0,2.0,2.0,1.0,2.0,1.0,2.0,55.0,18.0,9.0
3.56,3.175,1.0,2.0,6.0,2.0,2.0,1.0,2.0,1.0,1.0,74.0,34.0,9.0
1.789474,1.5,1.0,2.0,6.0,2.0,1.0,1.0,2.0,1.0,1.0,76.0,14.0,9.0
4.108696,4.1,3.0,4.0,6.0,2.0,2.0,2.0,2.0,2.0,1.0,77.15273775216139,46.0,10.0
1.261905,0.964286,1.0,2.0,6.0,2.0,1.0,1.0,2.0,1.0,2.0,74.0,17.0,9.0
0.0,2.820175578700078,1.0,2.0,6.0,2.0,2.0,1.0,2.0,1.0,2.0,66.0,22.0,9.0
1.4375,0.0,1.0,2.0,6.0,2.0,2.0,1.0,2.0,1.0,3.0,71.0,27.0,9.0
0.46,2.84375,3.0,4.0,6.0,2.0,2.0,2.0,2.0,1.0,2.0,77.15273775216139,17.0,7.0
0.5,2.820175578700078,1.0,2.0,6.0,2.0,1.0,1.0,1.0,1.0,1.0,66.0,15.0,10.0
3.441176,1.363636,1.0,2.0,6.0,1.0,2.0,1.0,1.0,2.0,3.0,90.0,32.55794871794872,9.0
3.934783,3.590909,1.0,4.0,6.0,2.0,2.0,2.0,2.0,1.0,3.0,77.15273775216139,48.0,8.0
0.0,2.820175578700078,3.0,4.0,6.0,2.0,2.0,2.0,2.0,1.0,2.0,77.15273775216139,33.0,4.0
1.730769,2.363636,3.0,4.0,6.0,2.0,1.0,2.0,1.0,1.0,2.0,73.0,47.0,10.0
3.347826,3.18,3.0,4.0,6.0,1.0,2.0,2.0,2.0,2.0,3.0,77.15273775216139,32.55794871794872,8.0
0.5,2.5,3.0,4.0,6.0,2.0,1.0,2.0,2.0,1.0,4.0,77.15273775216139,32.55794871794872,8.030172413793103
1.157895,2.820175578700078,1.0,2.0,6.0,2.0,2.0,1.0,2.0,1.0,3.0,52.0,32.55794871794872,7.0
2.545455,1.025,3.0,2.0,6.0,2.0,2.0,1.0,2.0,1.0,2.0,69.0,32.55794871794872,8.0
3.56,3.7,1.0,2.0,6.0,2.0,1.0,1.0,2.0,1.0,1.0,91.0,46.0,9.0
2.454545,1.695652,3.0,2.0,6.0,2.0,2.0,1.0,2.0,1.0,2.0,73.0,35.0,4.0
3.347826,2.704545,3.0,4.0,6.0,2.0,2.0,2.0,1.0,1.0,1.0,77.15273775216139,31.0,4.0
3.456522,3.52381,3.0,2.0,6.0,2.0,1.0,1.0,1.0,1.0,2.0,90.0,40.0,8.0
2.5625,3.0625,3.0,4.0,6.0,1.0,2.0,2.0,2.0,2.0,3.0,77.15273775216139,32.55794871794872,8.0
3.142857,2.466667,1.0,2.0,6.0,2.0,1.0,1.0,2.0,1.0,2.0,69.0,21.0,9.0
3.236842,1.233333,1.0,2.0,6.0,2.0,2.0,1.0,2.0,1.0,1.0,74.0,32.0,9.0
0.0,0.0,1.0,4.0,6.0,2.0,2.0,2.0,2.0,1.0,2.0,77.15273775216139,48.0,9.0
2.142857,1.947368,1.0,2.0,6.0,2.0,2.0,1.0,2.0,2.0,3.0,77.15273775216139,33.0,10.0
3.804348,3.714286,3.0,4.0,6.0,2.0,2.0,2.0,1.0,2.0,2.0,77.15273775216139,40.0,4.0
0.0,0.0,1.0,2.0,6.0,2.0,2.0,1.0,2.0,1.0,1.0,73.0,32.0,9.0
3.1875,2.923077,3.0,2.0,6.0,2.0,2.0,1.0,2.0,2.0,4.0,77.15273775216139,23.0,4.0
2.65,3.05,1.0,2.0,6.0,2.0,1.0,1.0,2.0,1.0,1.0,84.0,21.0,9.0
3.22,2.857143,1.0,2.0,6.0,2.0,2.0,1.0,2.0,1.0,1.0,86.0,39.0,9.0
2.157895,3.552632,3.0,4.0,6.0,2.0,1.0,2.0,2.0,1.0,2.0,75.0,49.0,8.0
4.23913,2.820175578700078,1.0,2.0,6.0,2.0,1.0,1.0,2.0,1.0,1.0,83.0,45.0,10.0
0.24,0.0,1.0,2.0,6.0,2.0,2.0,1.0,2.0,1.0,3.0,77.15273775216139,17.0,7.0
3.613636,3.157895,1.0,2.0,6.0,2.0,2.0,1.0,2.0,1.0,2.0,91.0,48.0,9.0
1.184211,0.136364,1.0,2.0,6.0,2.0,1.0,1.0,2.0,1.0,1.0,62.0,14.0,7.0
2.934783,2.730769,3.0,4.0,6.0,1.0,2.0,2.0,2.0,2.0,3.0,77.15273775216139,32.55794871794872,8.0
3.942308,3.769231,3.0,4.0,6.0,1.0,1.0,2.0,2.0,2.0,3.0,77.15273775216139,32.55794871794872,4.0
0.0,0.0,3.0,8.0,6.0,2.0,2.0,1.0,2.0,0.0,3.0,77.15273775216139,16.0,7.0
3.759259,4.019231,3.0,4.0,6.0,1.0,2.0,2.0,2.0,2.0,3.0,77.15273775216139,32.55794871794872,8.0
4.1,2.815789,1.0,5.0,6.0,2.0,1.0,2.0,2.0,1.0,3.0,77.15273775216139,48.0,10.0
1.647059,1.869565,3.0,4.0,6.0,2.0,2.0,2.0,2.0,1.0,1.0,77.15273775216139,34.0,8.0
3.543478,3.038462,1.0,1.0,6.0,2.0,1.0,1.0,2.0,1.0,2.0,76.0,28.0,7.0
2.1,1.428571,1.0,2.0,6.0,2.0,2.0,1.0,2.0,1.0,2.0,69.0,27.0,7.0
2.714286,2.722222,1.0,2.0,6.0,2.0,2.0,1.0,2.0,1.0,6.0,77.15273775216139,25.0,9.0
3.56,3.477273,3.0,2.0,6.0,2.0,1.0,1.0,2.0,1.0,1.0,84.0,19.0,10.0
3.521739,3.47619,1.0,4.0,6.0,2.0,1.0,2.0,1.0,1.0,1.0,77.15273775216139,36.0,8.0
3.847826,2.826923,3.0,4.0,6.0,1.0,2.0,2.0,2.0,1.0,3.0,77.15273775216139,32.55794871794872,10.0
3.56,3.318182,1.0,2.0,6.0,2.0,1.0,1.0,2.0,1.0,1.0,80.0,29.0,9.0
2.630435,2.821429,3.0,4.0,6.0,2.0,2.0,2.0,2.0,2.0,1.0,77.15273775216139,46.0,10.0
2.1,0.596154,1.0,1.0,6.0,2.0,1.0,1.0,2.0,1.0,1.0,71.0,22.0,9.0
3.272727,2.727273,1.0,2.0,6.0,2.0,1.0,1.0,2.0,1.0,1.0,84.0,25.0,7.0
3.4,3.096154,3.0,4.0,6.0,2.0,1.0,2.0,2.0,1.0,2.0,77.15273775216139,46.0,10.0
1.642857,2.820175578700078,1.0,2.0,6.0,2.0,1.0,1.0,2.0,1.0,1.0,87.0,24.0,7.0
2.72,0.909091,1.0,2.0,6.0,2.0,2.0,1.0,2.0,1.0,2.0,63.0,16.0,8.0
3.354167,3.681818,1.0,2.0,6.0,2.0,2.0,1.0,2.0,1.0,2.0,81.0,20.0,7.0
2.25,2.068182,3.0,4.0,6.0,2.0,2.0,2.0,2.0,1.0,2.0,77.15273775216139,40.0,8.0
3.521739,2.782609,1.0,2.0,6.0,1.0,2.0,1.0,2.0,2.0,7.0,77.15273775216139,32.55794871794872,10.0
3.761905,3.217391,1.0,2.0,6.0,2.0,1.0,1.0,2.0,2.0,3.0,89.0,30.0,10.0
3.68,3.583333,1.0,2.0,6.0,2.0,2.0,1.0,2.0,1.0,1.0,80.0,34.0,9.0
3.145833,1.619048,3.0,2.0,6.0,2.0,2.0,1.0,2.0,2.0,4.0,77.15273775216139,38.0,8.0
1.979167,1.605263,1.0,2.0,6.0,2.0,2.0,1.0,2.0,1.0,1.0,75.0,27.0,9.0
1.086957,1.45,3.0,4.0,6.0,2.0,2.0,2.0,1.0,1.0,1.0,77.15273775216139,32.55794871794872,7.0
4.295455,4.078947,1.0,2.0,6.0,2.0,1.0,1.0,2.0,2.0,5.0,77.15273775216139,45.0,10.0
3.108696,3.22,3.0,8.0,6.0,2.0,2.0,1.0,2.0,0.0,7.0,77.15273775216139,19.0,8.0
2.525,3.388889,1.0,4.0,6.0,2.0,2.0,2.0,2.0,1.0,2.0,77.15273775216139,42.0,4.0
2.52381,1.823529,3.0,2.0,6.0,2.0,1.0,1.0,2.0,1.0,2.0,60.0,16.0,4.0
3.916667,3.769231,3.0,2.0,6.0,1.0,1.0,1.0,2.0,2.0,7.0,77.15273775216139,32.55794871794872,10.0
0.0,2.820175578700078,1.0,2.0,6.0,2.0,2.0,1.0,2.0,1.0,2.0,52.0,18.0,3.0
3.729167,3.761905,1.0,2.0,6.0,2.0,1.0,1.0,2.0,2.0,3.0,98.0,38.0,9.0
1.782609,1.891304,3.0,4.0,6.0,2.0,2.0,2.0,2.0,2.0,1.0,77.15273775216139,43.0,8.0
1.119048,0.785714,1.0,2.0,6.0,2.0,2.0,1.0,2.0,1.0,2.0,63.0,35.0,7.0
4.304348,4.0,1.0,2.0,6.0,2.0,1.0,1.0,1.0,2.0,3.0,97.0,44.0,9.0
3.1,3.022727,3.0,4.0,6.0,1.0,2.0,2.0,2.0,2.0,3.0,77.15273775216139,32.55794871794872,8.0
3.738095,2.820175578700078,1.0,2.0,6.0,2.0,2.0,1.0,2.0,2.0,3.0,58.0,21.0,7.0
0.0,0.0,1.0,2.0,6.0,2.0,2.0,1.0,2.0,1.0,1.0,68.0,28.0,1.0
3.411765,3.904762,1.0,4.0,6.0,2.0,2.0,2.0,2.0,1.0,1.0,77.15273775216139,47.0,4.0
0.375,0.0,1.0,2.0,6.0,2.0,1.0,1.0,1.0,1.0,2.0,63.0,22.0,9.0
3.108696,2.6,1.0,2.0,6.0,1.0,2.0,1.0,2.0,2.0,7.0,77.15273775216139,32.55794871794872,8.030172413793103
2.98,3.673077,3.0,4.0,6.0,1.0,1.0,2.0,2.0,2.0,3.0,77.15273775216139,32.55794871794872,10.0
1.9,2.071429,1.0,2.0,6.0,2.0,2.0,1.0,2.0,1.0,1.0,77.15273775216139,22.0,8.0
4.214286,3.772727,1.0,2.0,6.0,2.0,2.0,1.0,1.0,2.0,4.0,92.0,43.0,9.0
2.47619,1.681818,1.0,2.0,6.0,2.0,2.0,1.0,2.0,0.0,4.0,57.0,29.0,4.0
4.347826,4.229167,1.0,4.0,6.0,1.0,2.0,2.0,1.0,2.0,5.0,77.15273775216139,32.55794871794872,9.0
2.522727,0.0,1.0,2.0,6.0,2.0,2.0,1.0,2.0,1.0,6.0,72.0,39.0,9.0
1.5,1.6,1.0,2.0,6.0,2.0,1.0,1.0,2.0,1.0,2.0,78.0,31.0,9.0
2.369565,2.6875,1.0,2.0,6.0,2.0,1.0,1.0,1.0,1.0,1.0,86.0,22.0,10.0
0.54,2.820175578700078,1.0,2.0,6.0,2.0,1.0,1.0,2.0,1.0,1.0,66.0,24.0,7.0
0.0,2.820175578700078,1.0,2.0,6.0,2.0,2.0,1.0,2.0,0.0,4.0,50.0,26.0,9.0
4.36,4.074074,1.0,2.0,6.0,1.0,1.0,1.0,1.0,2.0,4.0,77.15273775216139,32.55794871794872,10.0
4.35,3.96,1.0,2.0,6.0,1.0,2.0,1.0,1.0,2.0,3.0,98.0,32.55794871794872,9.0
2.54,2.75,3.0,4.0,6.0,1.0,1.0,2.0,2.0,2.0,4.0,77.15273775216139,32.55794871794872,10.0
4.021739,3.952381,3.0,4.0,6.0,2.0,2.0,2.0,1.0,2.0,1.0,77.15273775216139,43.0,8.0
4.264706,4.166667,1.0,2.0,6.0,2.0,2.0,1.0,1.0,2.0,3.0,101.0,32.55794871794872,9.0
0.78,2.820175578700078,1.0,2.0,6.0,2.0,2.0,1.0,2.0,1.0,2.0,58.0,25.0,7.0
4.295455,4.28,1.0,4.0,6.0,2.0,1.0,2.0,2.0,1.0,5.0,77.15273775216139,44.0,7.0
1.857143,0.0,1.0,2.0,6.0,2.0,2.0,1.0,2.0,1.0,2.0,76.0,27.0,7.0
0.97619,1.111111,1.0,2.0,6.0,2.0,2.0,1.0,2.0,1.0,1.0,60.0,32.55794871794872,10.0
4.0,3.630435,3.0,4.0,6.0,2.0,2.0,2.0,2.0,2.0,1.0,77.15273775216139,45.0,8.0
0.0,0.0,3.0,2.0,6.0,2.0,1.0,1.0,1.0,1.0,1.0,63.0,26.0,7.0
3.304348,2.403846,3.0,4.0,6.0,1.0,2.0,2.0,2.0,1.0,3.0,77.15273775216139,32.55794871794872,7.0
3.22,1.875,1.0,2.0,6.0,2.0,2.0,1.0,2.0,1.0,2.0,77.0,35.0,7.0
4.159091,4.236842,3.0,4.0,6.0,2.0,2.0,2.0,2.0,0.0,6.0,77.15273775216139,48.0,10.0
4.28,4.068182,1.0,2.0,6.0,2.0,1.0,1.0,1.0,2.0,3.0,97.0,20.0,9.0
3.0,3.275,1.0,2.0,6.0,2.0,2.0,1.0,2.0,1.0,2.0,87.0,24.0,9.0
3.233333,3.78125,3.0,4.0,6.0,2.0,2.0,2.0,2.0,2.0,3.0,77.15273775216139,49.0,8.0
3.38,3.038462,3.0,4.0,6.0,1.0,2.0,2.0,1.0,2.0,3.0,77.15273775216139,32.55794871794872,10.0
1.413043,0.0,1.0,4.0,6.0,2.0,2.0,2.0,2.0,1.0,1.0,77.15273775216139,47.0,10.0
3.880952,3.568182,1.0,2.0,6.0,2.0,1.0,1.0,2.0,1.0,1.0,89.0,38.0,9.0
2.547619,2.820175578700078,1.0,2.0,6.0,2.0,2.0,1.0,2.0,2.0,3.0,74.0,13.0,7.0
2.613636,2.03125,1.0,2.0,6.0,2.0,1.0,1.0,2.0,2.0,1.0,80.0,29.0,7.0
3.357143,3.347826,1.0,2.0,6.0,2.0,1.0,1.0,1.0,2.0,4.0,77.15273775216139,30.0,9.0
2.852941,3.113636,3.0,4.0,6.0,1.0,2.0,2.0,1.0,2.0,3.0,77.15273775216139,32.55794871794872,10.0
2.547619,0.25,1.0,2.0,6.0,2.0,2.0,1.0,2.0,1.0,2.0,75.0,35.0,9.0
0.0,2.820175578700078,1.0,2.0,6.0,2.0,2.0,1.0,2.0,0.0,3.0,77.15273775216139,39.0,4.0
4.25,3.571429,1.0,2.0,6.0,2.0,1.0,1.0,2.0,1.0,1.0,93.0,44.0,9.0
3.904762,2.590909,3.0,4.0,6.0,2.0,2.0,2.0,2.0,2.0,1.0,77.15273775216139,42.0,9.0
0.0,2.820175578700078,1.0,2.0,6.0,2.0,2.0,1.0,2.0,0.0,3.0,71.0,32.55794871794872,8.030172413793103
1.26087,2.820175578700078,1.0,2.0,6.0,2.0,1.0,1.0,2.0,1.0,2.0,75.0,21.0,8.0
2.833333,1.883333,3.0,4.0,6.0,1.0,2.0,2.0,2.0,1.0,3.0,77.15273775216139,32.55794871794872,8.0
3.785714,2.788462,3.0,2.0,6.0,2.0,1.0,1.0,2.0,2.0,6.0,77.15273775216139,35.0,8.0
2.477273,1.54,3.0,4.0,6.0,1.0,1.0,2.0,2.0,1.0,3.0,77.15273775216139,32.55794871794872,9.0
2.416667,3.527778,3.0,4.0,6.0,2.0,2.0,2.0,2.0,2.0,1.0,77.15273775216139,49.0,10.0
3.456522,2.557692,3.0,4.0,6.0,1.0,2.0,2.0,2.0,1.0,3.0,77.15273775216139,32.55794871794872,7.0
4.090909,3.861111,1.0,2.0,6.0,2.0,2.0,1.0,2.0,1.0,5.0,81.0,28.0,9.0
2.291667,0.0,3.0,2.0,6.0,2.0,2.0,1.0,2.0,1.0,2.0,89.0,18.0,7.0
2.1,2.386364,1.0,4.0,6.0,2.0,2.0,2.0,2.0,1.0,3.0,77.15273775216139,44.0,8.0
4.1,4.047619,3.0,4.0,6.0,1.0,2.0,2.0,1.0,1.0,3.0,77.15273775216139,32.55794871794872,9.0
2.095238,2.045455,1.0,2.0,6.0,2.0,2.0,1.0,2.0,2.0,2.0,77.15273775216139,22.0,3.0
2.020833,2.45,1.0,2.0,6.0,2.0,1.0,1.0,2.0,1.0,1.0,78.0,18.0,9.0
0.0,2.820175578700078,1.0,4.0,6.0,2.0,1.0,2.0,2.0,1.0,2.0,77.15273775216139,42.0,8.0
3.925,3.02381,1.0,2.0,6.0,2.0,2.0,1.0,2.0,0.0,4.0,77.15273775216139,39.0,7.0
3.021739,3.833333,1.0,4.0,6.0,2.0,2.0,2.0,2.0,1.0,1.0,77.15273775216139,39.0,9.0
3.0,3.45,1.0,4.0,6.0,2.0,2.0,2.0,2.0,1.0,3.0,77.15273775216139,32.55794871794872,10.0
2.263158,2.820175578700078,1.0,2.0,6.0,2.0,2.0,1.0,2.0,1.0,1.0,83.0,23.0,9.0
4.0,3.5,3.0,4.0,6.0,1.0,1.0,2.0,2.0,1.0,3.0,77.15273775216139,32.55794871794872,8.0
1.961538,0.0,1.0,2.0,6.0,2.0,2.0,1.0,2.0,1.0,1.0,72.0,33.0,9.0
4.022727,4.0,3.0,2.0,6.0,2.0,1.0,1.0,2.0,1.0,3.0,97.0,45.0,9.0
2.565217,2.153846,1.0,1.0,6.0,2.0,1.0,1.0,2.0,1.0,1.0,83.0,25.0,9.0
2.727273,2.295455,3.0,4.0,6.0,2.0,2.0,2.0,2.0,1.0,3.0,77.15273775216139,31.0,7.0
2.75,3.166667,1.0,4.0,6.0,2.0,2.0,2.0,2.0,1.0,3.0,77.15273775216139,44.0,4.0
3.522727,3.022727,1.0,2.0,6.0,2.0,2.0,1.0,2.0,2.0,4.0,77.15273775216139,25.0,9.0
0.0,2.820175578700078,1.0,2.0,6.0,2.0,2.0,1.0,2.0,1.0,1.0,77.0,22.0,7.0
4.173913,3.557692,1.0,1.0,6.0,2.0,1.0,1.0,2.0,1.0,1.0,91.0,27.0,7.0
2.6,2.605263,3.0,4.0,6.0,1.0,2.0,2.0,2.0,1.0,3.0,77.15273775216139,32.55794871794872,10.0
2.825,3.595238,1.0,4.0,6.0,2.0,2.0,2.0,2.0,1.0,3.0,77.15273775216139,46.0,4.0
1.270833,2.820175578700078,3.0,4.0,6.0,2.0,2.0,2.0,2.0,1.0,3.0,77.15273775216139,44.0,8.030172413793103
3.6,2.777778,1.0,2.0,6.0,2.0,2.0,1.0,2.0,1.0,1.0,83.0,38.0,9.0
3.619048,3.565217,1.0,2.0,6.0,2.0,1.0,1.0,1.0,2.0,3.0,88.0,33.0,9.0
4.369565,4.5,1.0,2.0,6.0,2.0,1.0,1.0,1.0,2.0,3.0,88.0,34.0,9.0
1.192308,1.214286,3.0,2.0,6.0,2.0,2.0,1.0,2.0,1.0,2.0,52.0,29.0,4.0
4.04,3.925,3.0,2.0,6.0,2.0,2.0,1.0,2.0,1.0,1.0,87.0,38.0,9.0
1.956522,0.0,1.0,2.0,6.0,2.0,2.0,1.0,2.0,2.0,3.0,68.0,34.0,9.0
3.652174,3.82,3.0,4.0,6.0,1.0,2.0,2.0,1.0,2.0,3.0,77.15273775216139,32.55794871794872,9.0
2.846073103521127,2.820175578700078,1.0,2.0,6.0,2.0,1.0,1.0,2.0,2.0,2.0,60.0,32.0,9.0
4.5,4.384615,3.0,4.0,6.0,2.0,2.0,2.0,2.0,0.0,2.0,77.15273775216139,46.0,4.0
3.388889,3.44,3.0,4.0,6.0,1.0,2.0,2.0,2.0,1.0,3.0,77.15273775216139,32.55794871794872,9.0
3.5,3.25,1.0,2.0,6.0,2.0,1.0,1.0,1.0,0.0,7.0,73.0,32.0,10.0
3.26087,2.461538,3.0,4.0,6.0,1.0,1.0,2.0,2.0,2.0,3.0,77.15273775216139,32.55794871794872,10.0
3.571429,2.717391,1.0,2.0,6.0,2.0,2.0,1.0,2.0,1.0,1.0,84.0,27.0,9.0
1.59375,2.978261,3.0,2.0,6.0,2.0,1.0,1.0,2.0,1.0,1.0,77.15273775216139,36.0,7.0
3.785714,3.652174,1.0,2.0,6.0,2.0,1.0,1.0,1.0,1.0,1.0,90.0,29.0,9.0
4.052632,3.222222,1.0,2.0,6.0,2.0,1.0,1.0,1.0,0.0,2.0,87.0,38.0,9.0
0.97619,2.820175578700078,1.0,2.0,6.0,2.0,2.0,1.0,2.0,2.0,2.0,66.0,25.0,8.0
3.477273,3.596154,3.0,4.0,6.0,1.0,2.0,2.0,2.0,1.0,3.0,77.15273775216139,32.55794871794872,10.0
1.568182,2.820175578700078,1.0,2.0,6.0,2.0,2.0,1.0,2.0,0.0,3.0,60.0,29.0,8.0
2.413043,1.3,3.0,4.0,6.0,2.0,2.0,2.0,1.0,1.0,1.0,77.15273775216139,25.0,8.0
4.104167,3.7,3.0,4.0,6.0,1.0,2.0,2.0,1.0,2.0,3.0,77.15273775216139,32.55794871794872,10.0
4.086957,3.590909,3.0,4.0,6.0,2.0,2.0,2.0,1.0,1.0,3.0,77.15273775216139,32.55794871794872,3.0
0.0,2.820175578700078,3.0,4.0,6.0,1.0,2.0,2.0,2.0,1.0,3.0,77.15273775216139,32.55794871794872,8.0
3.9,3.928571,3.0,4.0,6.0,1.0,2.0,2.0,1.0,1.0,3.0,77.15273775216139,32.55794871794872,10.0
4.25,4.090909,1.0,2.0,6.0,2.0,1.0,1.0,2.0,2.0,3.0,91.0,30.0,9.0
3.809524,3.652174,1.0,2.0,6.0,2.0,1.0,1.0,2.0,1.0,1.0,88.0,27.0,9.0
0.0,2.820175578700078,1.0,2.0,6.0,2.0,2.0,1.0,2.0,1.0,1.0,65.0,19.0,9.0
2.204545,2.347826,1.0,2.0,6.0,2.0,2.0,1.0,2.0,2.0,2.0,77.15273775216139,18.0,7.0
3.204545,2.820175578700078,1.0,2.0,6.0,2.0,2.0,1.0,2.0,1.0,1.0,84.0,28.0,10.0
1.833333,2.820175578700078,3.0,4.0,6.0,2.0,1.0,2.0,1.0,1.0,1.0,77.15273775216139,38.0,8.0
2.44,1.636364,3.0,4.0,6.0,1.0,2.0,2.0,2.0,1.0,3.0,77.15273775216139,32.55794871794872,8.0
4.5,4.5,1.0,2.0,6.0,2.0,2.0,1.0,2.0,2.0,3.0,97.0,43.0,9.0
3.869565,3.291667,3.0,4.0,6.0,1.0,1.0,2.0,2.0,2.0,3.0,77.15273775216139,32.55794871794872,10.0
2.673913,3.138889,3.0,4.0,6.0,2.0,2.0,2.0,2.0,1.0,2.0,77.15273775216139,42.0,10.0
3.595238,3.0,3.0,4.0,6.0,2.0,2.0,2.0,2.0,1.0,2.0,77.15273775216139,48.0,8.0
3.152174,2.865385,3.0,4.0,6.0,1.0,2.0,2.0,2.0,2.0,3.0,77.15273775216139,32.55794871794872,8.0
4.065217,3.461538,3.0,2.0,6.0,2.0,2.0,1.0,1.0,2.0,1.0,77.15273775216139,40.0,4.0
3.270833,2.729167,3.0,4.0,6.0,1.0,1.0,2.0,2.0,1.0,3.0,77.15273775216139,32.55794871794872,10.0
0.0,2.820175578700078,3.0,4.0,6.0,2.0,2.0,2.0,2.0,1.0,1.0,77.15273775216139,44.0,8.0
3.794118,3.818182,3.0,4.0,6.0,1.0,2.0,2.0,1.0,2.0,4.0,77.15273775216139,32.55794871794872,10.0
4.125,3.275,3.0,4.0,6.0,1.0,1.0,2.0,2.0,1.0,3.0,77.15273775216139,32.55794871794872,9.0
4.225,4.428571,3.0,4.0,6.0,2.0,2.0,2.0,1.0,1.0,1.0,77.15273775216139,46.0,9.0
3.652174,3.454545,3.0,4.0,6.0,1.0,2.0,2.0,2.0,2.0,3.0,77.15273775216139,32.55794871794872,8.0
4.23913,4.021739,1.0,2.0,6.0,1.0,1.0,1.0,2.0,2.0,3.0,107.0,32.55794871794872,9.0
4.2,4.375,1.0,8.0,6.0,2.0,1.0,1.0,2.0,2.0,7.0,77.15273775216139,50.0,8.0
4.23913,4.357143,1.0,4.0,6.0,2.0,1.0,2.0,1.0,1.0,3.0,77.15273775216139,50.0,8.0
1.676471,2.6,1.0,2.0,6.0,2.0,2.0,1.0,2.0,1.0,2.0,67.0,32.55794871794872,9.0
3.0625,2.820175578700078,1.0,2.0,6.0,2.0,1.0,1.0,2.0,2.0,2.0,80.0,34.0,9.0
3.065217,3.066667,1.0,2.0,6.0,2.0,2.0,1.0,2.0,1.0,1.0,78.0,22.0,9.0
3.464286,3.470588,3.0,4.0,6.0,2.0,2.0,2.0,2.0,1.0,2.0,77.15273775216139,38.0,8.0
0.42,2.820175578700078,1.0,2.0,6.0,2.0,2.0,1.0,2.0,1.0,1.0,60.0,32.55794871794872,3.0
3.6875,4.047619,3.0,2.0,6.0,2.0,1.0,1.0,2.0,1.0,2.0,77.15273775216139,49.0,10.0
0.543478,0.0,3.0,4.0,6.0,2.0,2.0,2.0,2.0,1.0,3.0,77.15273775216139,27.0,8.030172413793103
0.0,2.820175578700078,1.0,4.0,6.0,1.0,1.0,2.0,2.0,1.0,3.0,77.15273775216139,32.55794871794872,10.0
3.833333,3.464286,3.0,4.0,6.0,1.0,1.0,2.0,2.0,1.0,3.0,77.15273775216139,32.55794871794872,8.0
3.5,3.692308,3.0,4.0,6.0,1.0,2.0,2.0,1.0,2.0,4.0,77.15273775216139,32.55794871794872,8.0
2.571429,0.0,1.0,2.0,6.0,2.0,2.0,1.0,2.0,0.0,3.0,77.15273775216139,19.0,7.0
4.131579,3.891304,2.0,2.0,6.0,2.0,2.0,1.0,2.0,2.0,6.0,77.15273775216139,46.0,8.0
2.625,2.8,3.0,4.0,6.0,2.0,2.0,2.0,2.0,2.0,3.0,77.15273775216139,32.55794871794872,8.0
4.08,4.175,1.0,2.0,6.0,2.0,2.0,1.0,2.0,2.0,7.0,77.15273775216139,21.0,9.0
4.25,3.925,1.0,4.0,6.0,2.0,2.0,2.0,1.0,1.0,4.0,77.15273775216139,32.55794871794872,10.0
0.47619,2.820175578700078,1.0,2.0,6.0,2.0,1.0,1.0,2.0,1.0,1.0,81.0,31.0,9.0
4.041667,4.041667,1.0,4.0,6.0,2.0,2.0,2.0,2.0,1.0,4.0,77.15273775216139,48.0,8.0
3.875,4.0,3.0,4.0,6.0,1.0,2.0,2.0,2.0,2.0,3.0,77.15273775216139,32.55794871794872,8.0
2.289474,2.478261,1.0,2.0,6.0,2.0,2.0,1.0,2.0,1.0,2.0,77.15273775216139,15.0,7.0
3.681818,2.021739,1.0,4.0,6.0,2.0,1.0,2.0,2.0,1.0,5.0,77.15273775216139,22.0,10.0
2.526316,2.368421,3.0,2.0,6.0,2.0,2.0,1.0,2.0,0.0,2.0,75.0,25.0,7.0
2.652174,3.466667,1.0,2.0,6.0,2.0,2.0,1.0,1.0,1.0,1.0,72.0,20.0,9.0
4.225,3.911765,1.0,2.0,6.0,2.0,2.0,1.0,2.0,2.0,7.0,77.15273775216139,35.0,8.0
1.47619,1.333333,1.0,2.0,6.0,2.0,2.0,1.0,2.0,1.0,2.0,75.0,36.0,8.0
3.913043,4.131579,1.0,2.0,6.0,2.0,2.0,1.0,2.0,2.0,4.0,84.0,24.0,8.030172413793103
3.333333,3.442308,3.0,4.0,6.0,1.0,2.0,2.0,2.0,2.0,3.0,77.15273775216139,32.55794871794872,10.0
2.928571,2.375,1.0,2.0,6.0,2.0,1.0,1.0,2.0,1.0,3.0,65.0,36.0,9.0
3.708333,4.0,1.0,2.0,6.0,2.0,1.0,1.0,2.0,1.0,1.0,87.0,46.0,9.0
4.12,4.296296,3.0,4.0,6.0,1.0,1.0,2.0,1.0,2.0,3.0,77.15273775216139,48.0,10.0
4.5,4.333333,1.0,2.0,6.0,2.0,2.0,1.0,2.0,2.0,3.0,104.0,32.55794871794872,9.0
0.214286,2.820175578700078,1.0,2.0,6.0,2.0,2.0,1.0,2.0,1.0,1.0,57.0,18.0,7.0
3.479167,3.277778,3.0,2.0,6.0,2.0,1.0,1.0,2.0,2.0,6.0,77.15273775216139,42.0,8.0
2.392857,3.222222,1.0,2.0,6.0,2.0,1.0,1.0,2.0,1.0,1.0,79.0,42.0,7.0
2.0,0.0,3.0,4.0,6.0,2.0,2.0,2.0,2.0,2.0,1.0,77.15273775216139,40.0,8.0
3.56,1.309524,1.0,2.0,6.0,2.0,2.0,1.0,2.0,1.0,1.0,83.0,24.0,7.0
2.386364,2.820175578700078,3.0,4.0,6.0,1.0,2.0,2.0,2.0,1.0,3.0,77.15273775216139,32.55794871794872,3.0
2.913043,3.153846,3.0,4.0,6.0,1.0,2.0,2.0,1.0,1.0,3.0,77.15273775216139,32.55794871794872,7.0
3.309524,3.631579,1.0,2.0,6.0,2.0,1.0,1.0,2.0,1.0,1.0,78.0,20.0,9.0
2.86,2.375,3.0,4.0,6.0,2.0,1.0,2.0,2.0,0.0,1.0,77.15273775216139,19.0,8.0
4.391304,4.192308,1.0,2.0,6.0,1.0,1.0,1.0,2.0,2.0,4.0,92.0,32.55794871794872,10.0
4.434783,4.5,1.0,2.0,6.0,2.0,1.0,1.0,2.0,1.0,1.0,93.0,44.0,9.0
2.166667,2.590909,3.0,4.0,6.0,1.0,2.0,2.0,2.0,1.0,3.0,77.15273775216139,32.55794871794872,8.0
1.75,0.727273,3.0,2.0,6.0,2.0,1.0,1.0,2.0,1.0,2.0,58.0,17.0,9.0
3.611111,3.851852,1.0,8.0,6.0,1.0,2.0,1.0,2.0,2.0,7.0,77.15273775216139,32.55794871794872,10.0
1.357143,0.0,1.0,2.0,6.0,2.0,2.0,1.0,2.0,1.0,1.0,62.0,23.0,7.0
4.369565,4.357143,3.0,4.0,6.0,2.0,2.0,2.0,1.0,1.0,2.0,77.15273775216139,49.0,7.0
4.130435,3.88,3.0,4.0,6.0,1.0,2.0,2.0,2.0,2.0,3.0,77.15273775216139,32.55794871794872,10.0
3.52,3.391304,1.0,2.0,6.0,2.0,2.0,1.0,2.0,1.0,1.0,89.0,40.0,3.0
3.826087,3.522727,1.0,2.0,6.0,2.0,1.0,1.0,1.0,1.0,5.0,91.0,33.0,4.0
1.230769,1.625,1.0,2.0,6.0,2.0,2.0,1.0,2.0,1.0,1.0,72.0,23.0,7.0
3.068182,2.977273,1.0,2.0,6.0,2.0,1.0,1.0,2.0,1.0,2.0,77.0,32.0,8.030172413793103
1.5,2.444444,1.0,2.0,6.0,2.0,2.0,1.0,2.0,1.0,1.0,85.0,18.0,7.0
3.928571,4.190476,1.0,2.0,6.0,2.0,2.0,1.0,1.0,2.0,4.0,77.15273775216139,40.0,9.0
3.86,3.961538,1.0,2.0,6.0,2.0,1.0,1.0,2.0,1.0,1.0,95.0,42.0,9.0
2.434783,2.0,3.0,4.0,6.0,2.0,2.0,2.0,2.0,2.0,1.0,77.15273775216139,34.0,8.0
2.613636,2.87931,3.0,4.0,6.0,1.0,1.0,2.0,2.0,1.0,3.0,77.15273775216139,32.55794871794872,8.0
3.825,3.666667,3.0,4.0,6.0,1.0,2.0,2.0,2.0,2.0,3.0,77.15273775216139,32.55794871794872,10.0
4.113636,3.977273,3.0,2.0,6.0,2.0,2.0,1.0,1.0,2.0,5.0,89.0,46.0,8.0
2.117647,1.9,3.0,4.0,6.0,2.0,2.0,2.0,2.0,1.0,2.0,77.15273775216139,28.0,7.0
2.846073103521127,2.820175578700078,1.0,2.0,6.0,2.0,1.0,1.0,2.0,1.0,2.0,64.0,21.0,9.0
3.0,2.820175578700078,1.0,2.0,6.0,2.0,1.0,1.0,2.0,2.0,3.0,83.0,26.0,9.0
2.9,2.886364,3.0,4.0,6.0,1.0,2.0,2.0,2.0,2.0,3.0,77.15273775216139,32.55794871794872,8.0
3.56,3.153846,3.0,4.0,6.0,1.0,2.0,2.0,2.0,2.0,3.0,77.15273775216139,32.55794871794872,8.0
2.795455,2.543478,1.0,2.0,6.0,2.0,1.0,1.0,2.0,1.0,1.0,78.0,32.55794871794872,8.030172413793103
3.75,3.045455,1.0,2.0,6.0,2.0,1.0,1.0,2.0,2.0,3.0,77.15273775216139,32.55794871794872,8.030172413793103
2.73913,2.307692,3.0,4.0,6.0,1.0,2.0,2.0,2.0,2.0,3.0,77.15273775216139,32.55794871794872,8.0
3.03125,2.125,3.0,4.0,6.0,2.0,2.0,2.0,2.0,1.0,3.0,77.15273775216139,39.0,8.0
3.16,2.98,1.0,2.0,6.0,2.0,1.0,1.0,2.0,0.0,4.0,93.0,31.0,7.0
2.375,2.818182,1.0,2.0,6.0,2.0,2.0,1.0,1.0,1.0,1.0,70.0,26.0,9.0
4.357143,4.5,1.0,2.0,6.0,2.0,1.0,1.0,1.0,2.0,5.0,77.15273775216139,50.0,9.0
3.270833,3.45,3.0,2.0,6.0,2.0,2.0,1.0,2.0,2.0,5.0,77.15273775216139,16.0,10.0
3.043478,2.413043,1.0,2.0,6.0,2.0,2.0,1.0,2.0,1.0,1.0,81.0,42.0,7.0
3.782609,3.227273,3.0,4.0,6.0,1.0,2.0,2.0,2.0,2.0,3.0,77.15273775216139,32.55794871794872,8.0
3.333333,2.660714,3.0,4.0,6.0,1.0,2.0,2.0,2.0,2.0,3.0,77.15273775216139,32.55794871794872,4.0
2.86,2.375,3.0,4.0,6.0,1.0,2.0,2.0,2.0,1.0,3.0,77.15273775216139,32.55794871794872,10.0
3.5,1.275,1.0,2.0,6.0,2.0,2.0,1.0,2.0,1.0,3.0,81.0,44.0,9.0
3.666667,3.166667,1.0,2.0,6.0,2.0,2.0,1.0,1.0,2.0,3.0,79.0,20.0,8.030172413793103
3.954545,4.0,3.0,2.0,6.0,2.0,1.0,1.0,1.0,2.0,5.0,77.15273775216139,48.0,8.0
4.021739,4.357143,1.0,4.0,6.0,2.0,1.0,2.0,1.0,1.0,2.0,77.15273775216139,46.0,8.0
2.275,0.875,1.0,2.0,6.0,2.0,2.0,1.0,2.0,1.0,2.0,65.0,22.0,7.0
2.04,1.875,3.0,4.0,6.0,2.0,2.0,2.0,1.0,2.0,3.0,77.15273775216139,24.0,4.0
2.804348,3.25,3.0,2.0,6.0,2.0,2.0,1.0,2.0,1.0,1.0,80.0,21.0,8.0
3.057692,3.4,1.0,9.0,6.0,2.0,2.0,1.0,2.0,0.0,7.0,67.0,31.0,9.0
2.0,0.0,3.0,2.0,6.0,2.0,2.0,1.0,1.0,1.0,1.0,57.0,29.0,4.0
3.909091,3.604167,1.0,2.0,6.0,2.0,2.0,1.0,1.0,2.0,3.0,84.0,38.0,9.0
1.636364,0.863636,1.0,2.0,6.0,2.0,1.0,1.0,2.0,1.0,2.0,79.0,42.0,7.0
3.108696,2.611111,3.0,4.0,6.0,1.0,1.0,2.0,2.0,1.0,3.0,77.15273775216139,32.55794871794872,9.0
3.88,3.863636,1.0,2.0,6.0,2.0,1.0,1.0,2.0,1.0,2.0,69.0,34.0,9.0
3.0625,3.282609,3.0,4.0,6.0,2.0,2.0,2.0,2.0,2.0,1.0,77.15273775216139,48.0,10.0
3.04,3.083333,1.0,1.0,6.0,2.0,1.0,1.0,2.0,1.0,4.0,61.0,27.0,9.0
3.086957,2.65625,1.0,2.0,6.0,2.0,2.0,1.0,2.0,1.0,1.0,80.0,28.0,9.0
1.46,0.0,1.0,2.0,6.0,2.0,2.0,1.0,2.0,1.0,1.0,81.0,17.0,9.0
2.5,2.4,3.0,2.0,6.0,2.0,2.0,1.0,2.0,1.0,2.0,72.0,36.0,4.0
2.217391,1.263158,1.0,2.0,6.0,2.0,1.0,1.0,2.0,2.0,2.0,69.0,16.0,7.0
1.869565,2.375,1.0,2.0,6.0,2.0,1.0,1.0,1.0,1.0,1.0,73.0,23.0,7.0
4.309524,4.357143,1.0,2.0,6.0,2.0,2.0,1.0,2.0,1.0,4.0,84.0,43.0,9.0
2.5625,2.068182,3.0,4.0,6.0,2.0,2.0,2.0,2.0,1.0,3.0,77.15273775216139,43.0,8.0
2.76087,2.229167,1.0,2.0,6.0,2.0,2.0,1.0,2.0,1.0,2.0,71.0,34.0,9.0
4.195652,3.825,1.0,4.0,6.0,2.0,2.0,2.0,2.0,1.0,3.0,77.15273775216139,49.0,10.0
3.043478,3.08,3.0,4.0,6.0,1.0,2.0,2.0,2.0,2.0,3.0,77.15273775216139,32.55794871794872,8.0
1.55,2.184211,1.0,2.0,6.0,2.0,2.0,1.0,2.0,1.0,1.0,76.0,28.0,7.0
0.5,2.820175578700078,3.0,4.0,6.0,1.0,2.0,2.0,2.0,2.0,3.0,77.15273775216139,32.55794871794872,10.0
2.583333,1.525,3.0,4.0,6.0,1.0,2.0,2.0,2.0,1.0,3.0,77.15273775216139,43.0,7.0
2.68,2.5,3.0,4.0,6.0,1.0,2.0,2.0,2.0,2.0,3.0,77.15273775216139,32.55794871794872,8.0
3.75,3.02381,3.0,4.0,6.0,2.0,2.0,2.0,2.0,1.0,2.0,77.15273775216139,46.0,9.0
3.804348,3.565217,1.0,2.0,6.0,2.0,2.0,1.0,2.0,1.0,1.0,83.0,39.0,9.0
2.263158,1.863636,1.0,2.0,6.0,2.0,1.0,1.0,2.0,1.0,1.0,63.0,16.0,7.0
0.391304,2.820175578700078,1.0,8.0,6.0,2.0,2.0,1.0,1.0,0.0,7.0,69.0,33.0,9.0
2.717391,2.384615,3.0,4.0,6.0,1.0,2.0,2.0,1.0,2.0,3.0,77.15273775216139,32.55794871794872,8.0
1.52381,2.820175578700078,1.0,2.0,6.0,2.0,2.0,1.0,2.0,2.0,5.0,77.15273775216139,36.0,9.0
0.25,2.820175578700078,1.0,2.0,6.0,2.0,2.0,1.0,3.0,1.0,2.0,70.0,27.0,9.0
3.458333,3.727273,1.0,2.0,6.0,2.0,1.0,1.0,2.0,2.0,4.0,77.15273775216139,40.0,10.0
1.526316,0.157895,1.0,2.0,6.0,2.0,2.0,1.0,2.0,1.0,2.0,48.0,21.0,7.0
2.44,2.788462,3.0,4.0,6.0,1.0,2.0,2.0,1.0,2.0,3.0,77.15273775216139,32.55794871794872,8.0
3.368421,3.12,1.0,2.0,6.0,2.0,2.0,1.0,2.0,1.0,1.0,79.0,32.55794871794872,9.0
2.472222,2.65625,3.0,4.0,6.0,2.0,2.0,2.0,2.0,1.0,2.0,88.0,42.0,10.0
4.4375,4.384615,1.0,8.0,6.0,1.0,1.0,1.0,2.0,2.0,7.0,77.15273775216139,48.0,9.0
3.217391,3.272727,1.0,2.0,6.0,2.0,1.0,1.0,1.0,1.0,2.0,73.0,27.0,9.0
2.36,2.820175578700078,1.0,2.0,6.0,2.0,2.0,1.0,2.0,1.0,2.0,68.0,27.0,7.0
3.76087,3.74,3.0,4.0,6.0,1.0,2.0,2.0,1.0,2.0,3.0,77.15273775216139,32.55794871794872,10.0
1.884615,0.882353,3.0,4.0,6.0,2.0,2.0,2.0,2.0,2.0,2.0,77.15273775216139,28.0,8.0
3.7,0.0,1.0,2.0,6.0,2.0,2.0,1.0,2.0,1.0,2.0,85.0,32.55794871794872,9.0
3.4,2.820175578700078,1.0,2.0,6.0,2.0,2.0,1.0,2.0,2.0,3.0,70.0,33.0,9.0
3.804348,3.307692,3.0,4.0,6.0,1.0,2.0,2.0,1.0,2.0,3.0,77.15273775216139,32.55794871794872,10.0
1.0,1.25,1.0,2.0,6.0,2.0,2.0,1.0,2.0,1.0,1.0,81.0,27.0,9.0
3.6875,3.3,1.0,4.0,6.0,2.0,2.0,2.0,2.0,1.0,2.0,77.15273775216139,49.0,8.0
0.681818,2.820175578700078,1.0,2.0,6.0,2.0,2.0,1.0,2.0,1.0,1.0,68.0,16.0,7.0
2.071429,2.545455,1.0,4.0,6.0,1.0,1.0,2.0,2.0,1.0,3.0,77.15273775216139,32.55794871794872,8.0
3.568182,2.826923,1.0,4.0,6.0,2.0,2.0,2.0,1.0,1.0,3.0,77.15273775216139,31.0,4.0
4.347826,4.06,1.0,2.0,6.0,1.0,1.0,1.0,1.0,2.0,3.0,102.0,32.55794871794872,9.0
2.666667,2.52381,1.0,5.0,6.0,2.0,2.0,2.0,2.0,1.0,1.0,77.15273775216139,41.0,4.0
3.770833,3.5,3.0,4.0,6.0,2.0,2.0,2.0,2.0,1.0,2.0,77.15273775216139,48.0,9.0
2.047619,1.725,3.0,2.0,6.0,2.0,2.0,1.0,2.0,1.0,1.0,65.0,32.55794871794872,7.0
3.625,3.12,1.0,4.0,6.0,2.0,2.0,2.0,1.0,1.0,1.0,77.15273775216139,44.0,7.0
3.825,3.568182,3.0,4.0,6.0,1.0,2.0,2.0,1.0,1.0,3.0,77.15273775216139,32.55794871794872,8.0
3.833333,3.28,1.0,2.0,6.0,2.0,2.0,1.0,2.0,2.0,7.0,77.15273775216139,46.0,8.0
3.305556,3.673077,3.0,4.0,6.0,1.0,2.0,2.0,2.0,1.0,3.0,77.15273775216139,32.55794871794872,7.0
0.0,0.0,1.0,2.0,6.0,2.0,2.0,1.0,2.0,0.0,2.0,77.15273775216139,21.0,9.0
0.5,1.857143,1.0,2.0,6.0,2.0,1.0,1.0,2.0,1.0,2.0,83.0,42.0,9.0
2.7,3.204545,3.0,4.0,6.0,1.0,2.0,2.0,1.0,1.0,3.0,77.15273775216139,32.55794871794872,8.0
2.425,2.767857,3.0,4.0,6.0,1.0,2.0,2.0,2.0,2.0,3.0,77.15273775216139,32.55794871794872,4.0
2.75,2.382353,3.0,4.0,6.0,2.0,2.0,2.0,2.0,1.0,2.0,77.15273775216139,48.0,9.0
2.795455,2.684211,1.0,4.0,6.0,2.0,2.0,2.0,2.0,1.0,2.0,77.15273775216139,48.0,8.0
3.3,3.547619,3.0,4.0,6.0,1.0,2.0,2.0,1.0,1.0,3.0,77.15273775216139,32.55794871794872,9.0
1.352941,2.464286,1.0,2.0,6.0,2.0,1.0,1.0,2.0,1.0,6.0,62.0,22.0,3.0
3.263158,2.565217,1.0,2.0,6.0,2.0,2.0,1.0,2.0,1.0,2.0,85.0,32.55794871794872,8.0
3.86,3.722222,1.0,2.0,6.0,2.0,2.0,1.0,2.0,0.0,3.0,78.0,28.0,9.0
2.847826,3.428571,3.0,4.0,6.0,2.0,2.0,2.0,1.0,1.0,2.0,77.15273775216139,32.0,8.0
2.0,1.388889,1.0,2.0,6.0,2.0,1.0,1.0,2.0,1.0,1.0,78.0,22.0,7.0
3.769231,3.2,3.0,4.0,6.0,2.0,2.0,2.0,2.0,1.0,4.0,77.15273775216139,32.55794871794872,8.030172413793103
3.32,1.333333,1.0,2.0,6.0,2.0,2.0,1.0,2.0,1.0,3.0,77.15273775216139,32.0,9.0
0.931818,2.820175578700078,1.0,2.0,6.0,2.0,2.0,1.0,2.0,0.0,3.0,77.15273775216139,26.0,9.0
2.826087,1.725,1.0,2.0,6.0,2.0,2.0,1.0,1.0,1.0,3.0,71.0,17.0,9.0
3.5,3.477273,3.0,2.0,6.0,2.0,1.0,1.0,2.0,2.0,2.0,79.0,34.0,7.0
3.954545,3.045455,3.0,2.0,6.0,2.0,2.0,1.0,2.0,1.0,1.0,83.0,35.0,8.0
3.82,3.611111,1.0,2.0,6.0,2.0,2.0,1.0,2.0,1.0,3.0,85.0,20.0,9.0
3.0,2.5,1.0,2.0,6.0,2.0,2.0,1.0,2.0,2.0,2.0,75.0,26.0,7.0
1.285714,1.458333,3.0,4.0,6.0,1.0,2.0,2.0,1.0,2.0,3.0,77.15273775216139,32.55794871794872,10.0
1.736842,0.0,1.0,2.0,6.0,2.0,2.0,1.0,2.0,1.0,2.0,64.0,19.0,7.0
2.847826,0.825,1.0,2.0,6.0,2.0,2.0,1.0,2.0,0.0,1.0,81.0,37.0,9.0
3.833333,3.980769,3.0,4.0,6.0,1.0,1.0,2.0,2.0,1.0,3.0,77.15273775216139,32.55794871794872,10.0
2.1875,1.5,1.0,2.0,6.0,2.0,2.0,1.0,2.0,1.0,1.0,72.0,22.0,9.0
3.645833,3.590909,1.0,4.0,6.0,1.0,1.0,2.0,2.0,1.0,3.0,77.15273775216139,32.55794871794872,10.0
3.354167,3.821429,3.0,4.0,6.0,1.0,2.0,2.0,2.0,2.0,3.0,77.15273775216139,32.55794871794872,8.0
1.730769,1.866667,1.0,4.0,6.0,2.0,1.0,2.0,2.0,1.0,3.0,77.15273775216139,35.0,10.0
2.305556,1.5,1.0,2.0,6.0,2.0,1.0,1.0,1.0,1.0,1.0,75.0,32.55794871794872,8.0
2.26,1.8,1.0,2.0,6.0,2.0,1.0,1.0,2.0,1.0,1.0,80.0,22.0,3.0
3.82,4.083333,1.0,1.0,6.0,2.0,1.0,1.0,2.0,2.0,3.0,77.15273775216139,29.0,7.0
3.73913,4.347826,1.0,4.0,6.0,2.0,2.0,2.0,1.0,1.0,2.0,77.15273775216139,49.0,7.0
3.28,3.166667,1.0,1.0,6.0,2.0,1.0,1.0,2.0,1.0,1.0,90.0,31.0,9.0
3.565217,3.28,3.0,4.0,6.0,1.0,2.0,2.0,2.0,1.0,2.0,77.15273775216139,32.55794871794872,9.0
2.916667,3.416667,3.0,4.0,6.0,1.0,2.0,2.0,2.0,2.0,3.0,77.15273775216139,34.0,10.0
2.82,2.02,3.0,4.0,6.0,1.0,2.0,2.0,2.0,1.0,3.0,77.15273775216139,32.55794871794872,4.0
2.176471,2.361111,1.0,2.0,6.0,2.0,2.0,1.0,2.0,1.0,3.0,25.0,13.0,3.0
2.125,0.0,1.0,2.0,6.0,2.0,1.0,1.0,2.0,0.0,2.0,80.0,36.0,9.0
2.846073103521127,2.820175578700078,1.0,2.0,6.0,2.0,2.0,1.0,2.0,0.0,3.0,61.0,19.0,9.0
3.690476,2.625,3.0,4.0,6.0,2.0,2.0,2.0,2.0,1.0,3.0,77.15273775216139,44.0,8.0
2.472222,2.547619,3.0,4.0,6.0,1.0,2.0,2.0,2.0,1.0,3.0,77.15273775216139,32.55794871794872,7.0
3.673913,3.075,1.0,2.0,6.0,2.0,1.0,1.0,2.0,1.0,1.0,76.0,38.0,9.0
2.5,0.6,1.0,2.0,6.0,2.0,2.0,1.0,2.0,1.0,1.0,71.0,18.0,7.0
3.181818,2.727273,1.0,4.0,6.0,2.0,1.0,2.0,2.0,1.0,3.0,77.15273775216139,38.0,9.0
2.318182,0.0,1.0,2.0,6.0,2.0,2.0,1.0,1.0,1.0,2.0,63.0,17.0,9.0
4.125,3.903846,3.0,4.0,6.0,1.0,1.0,2.0,2.0,1.0,3.0,77.15273775216139,32.55794871794872,10.0
3.64,3.047619,1.0,2.0,6.0,2.0,2.0,1.0,2.0,2.0,4.0,61.0,32.55794871794872,9.0
3.090909,2.772727,1.0,2.0,6.0,2.0,1.0,1.0,1.0,1.0,2.0,83.0,32.0,9.0
4.5,4.421053,1.0,2.0,6.0,2.0,2.0,1.0,1.0,2.0,3.0,77.15273775216139,32.0,9.0
2.5,2.820175578700078,1.0,4.0,6.0,2.0,2.0,2.0,2.0,1.0,2.0,77.15273775216139,47.0,10.0
3.225,1.90625,1.0,2.0,6.0,2.0,1.0,1.0,2.0,2.0,2.0,75.0,32.0,9.0
3.1875,3.634615,3.0,4.0,6.0,1.0,2.0,2.0,2.0,2.0,3.0,77.15273775216139,32.55794871794872,10.0
4.214286,4.152174,1.0,2.0,6.0,2.0,1.0,1.0,2.0,2.0,4.0,73.0,49.0,9.0
0.0,2.820175578700078,1.0,2.0,6.0,2.0,1.0,1.0,1.0,1.0,1.0,64.0,18.0,7.0
3.6,3.022727,3.0,4.0,6.0,1.0,2.0,2.0,1.0,2.0,3.0,77.15273775216139,32.55794871794872,8.0
2.925,2.222222,1.0,2.0,6.0,2.0,2.0,1.0,1.0,2.0,2.0,74.0,26.0,9.0
2.846073103521127,2.820175578700078,1.0,2.0,6.0,2.0,1.0,1.0,2.0,1.0,4.0,108.0,49.0,9.0
3.595238,3.340909,1.0,2.0,6.0,2.0,1.0,1.0,2.0,1.0,2.0,79.0,34.0,9.0
4.065217,3.217391,1.0,4.0,6.0,2.0,2.0,2.0,2.0,1.0,3.0,77.15273775216139,48.0,4.0
2.76,2.56,1.0,4.0,6.0,1.0,2.0,2.0,1.0,1.0,3.0,77.15273775216139,32.55794871794872,10.0
4.173913,3.891304,1.0,4.0,6.0,2.0,2.0,2.0,2.0,0.0,2.0,77.15273775216139,48.0,8.0
0.0,2.820175578700078,3.0,4.0,6.0,2.0,2.0,2.0,2.0,2.0,2.0,77.15273775216139,16.0,8.0
2.75,2.958333,3.0,4.0,6.0,1.0,1.0,2.0,2.0,1.0,2.0,77.15273775216139,32.55794871794872,8.0
3.54,2.142857,1.0,2.0,6.0,2.0,2.0,1.0,2.0,1.0,1.0,75.0,31.0,9.0
2.846073103521127,2.820175578700078,1.0,2.0,6.0,2.0,1.0,1.0,2.0,1.0,2.0,85.0,32.55794871794872,8.030172413793103
0.0,0.0,1.0,2.0,6.0,2.0,1.0,1.0,2.0,1.0,2.0,74.0,27.0,9.0
2.94,1.727273,1.0,2.0,6.0,2.0,2.0,1.0,1.0,1.0,2.0,75.0,19.0,9.0
0.0,2.820175578700078,1.0,2.0,6.0,2.0,2.0,1.0,2.0,0.0,2.0,50.0,20.0,7.0
2.846073103521127,2.820175578700078,1.0,2.0,6.0,2.0,2.0,1.0,2.0,1.0,1.0,66.0,17.0,7.0
4.119048,3.386364,3.0,2.0,6.0,2.0,1.0,1.0,2.0,0.0,2.0,77.15273775216139,49.0,9.0
2.722222,2.659091,3.0,4.0,6.0,2.0,2.0,2.0,2.0,2.0,1.0,77.15273775216139,21.0,8.0
4.403846,4.434783,1.0,2.0,6.0,1.0,2.0,1.0,2.0,2.0,3.0,77.15273775216139,32.55794871794872,9.0
3.652174,3.62,1.0,2.0,6.0,2.0,1.0,1.0,2.0,2.0,3.0,68.0,29.0,7.0
0.727273,0.692308,1.0,2.0,6.0,2.0,1.0,1.0,2.0,1.0,2.0,71.0,27.0,9.0
3.02,2.2,1.0,2.0,6.0,2.0,1.0,1.0,2.0,1.0,1.0,86.0,20.0,7.0
4.0,4.0,1.0,2.0,6.0,2.0,1.0,1.0,1.0,2.0,2.0,86.0,36.0,9.0
2.214286,1.638889,1.0,2.0,6.0,2.0,2.0,1.0,2.0,1.0,2.0,61.0,23.0,7.0
2.886364,2.820175578700078,1.0,2.0,6.0,2.0,1.0,1.0,2.0,1.0,2.0,82.0,34.0,9.0
3.395833,3.673913,3.0,4.0,6.0,1.0,2.0,2.0,2.0,2.0,3.0,77.15273775216139,32.55794871794872,8.0
2.804348,3.0,3.0,4.0,6.0,2.0,2.0,2.0,2.0,1.0,1.0,77.15273775216139,42.0,8.0
3.630435,4.02381,3.0,4.0,6.0,2.0,2.0,2.0,2.0,2.0,1.0,77.15273775216139,45.0,7.0
2.916667,2.35,3.0,2.0,6.0,2.0,2.0,1.0,2.0,1.0,2.0,78.0,40.0,8.0
3.441176,4.0,1.0,2.0,6.0,2.0,2.0,1.0,1.0,1.0,1.0,94.0,27.0,9.0
4.261905,4.340909,1.0,8.0,6.0,2.0,2.0,1.0,2.0,2.0,8.0,77.15273775216139,38.0,9.0
3.961538,4.108696,3.0,4.0,6.0,1.0,2.0,2.0,2.0,2.0,3.0,77.15273775216139,32.55794871794872,10.0
2.456522,2.269231,3.0,4.0,6.0,1.0,2.0,2.0,2.0,1.0,3.0,77.15273775216139,32.55794871794872,8.0
3.26,3.111111,1.0,2.0,6.0,2.0,2.0,1.0,2.0,1.0,1.0,85.0,26.0,9.0
2.947368,3.111111,1.0,2.0,6.0,2.0,2.0,1.0,1.0,0.0,3.0,77.15273775216139,27.0,9.0
2.58,2.282609,1.0,2.0,6.0,2.0,2.0,1.0,2.0,1.0,2.0,67.0,19.0,7.0
4.065217,3.934783,1.0,5.0,6.0,2.0,2.0,2.0,2.0,1.0,5.0,77.15273775216139,49.0,8.0
3.041667,3.303571,3.0,4.0,6.0,1.0,2.0,2.0,2.0,1.0,4.0,77.15273775216139,32.55794871794872,7.0
1.307692,1.15,1.0,2.0,6.0,2.0,2.0,1.0,2.0,0.0,1.0,63.0,18.0,7.0
1.928571,2.043478,1.0,2.0,6.0,2.0,2.0,1.0,2.0,1.0,2.0,68.0,11.0,3.0
2.0625,0.0,1.0,2.0,6.0,2.0,2.0,1.0,2.0,1.0,2.0,76.0,32.55794871794872,9.0
3.56,3.7,3.0,2.0,6.0,2.0,2.0,1.0,2.0,1.0,2.0,100.0,44.0,8.0
2.861111,1.478261,3.0,2.0,6.0,2.0,1.0,1.0,2.0,2.0,2.0,68.0,30.0,10.0
0.0,1.727273,1.0,2.0,6.0,2.0,2.0,1.0,2.0,0.0,4.0,89.0,14.0,3.0
2.846073103521127,2.820175578700078,3.0,4.0,6.0,2.0,2.0,2.0,1.0,1.0,1.0,77.15273775216139,19.0,7.0
3.18,3.521739,1.0,2.0,6.0,2.0,2.0,1.0,2.0,1.0,2.0,84.0,31.0,7.0
3.269231,2.105263,1.0,2.0,6.0,2.0,1.0,1.0,1.0,1.0,2.0,67.0,28.0,9.0
4.02381,4.184211,3.0,2.0,6.0,2.0,2.0,1.0,2.0,2.0,5.0,77.15273775216139,44.0,10.0
1.125,1.0625,1.0,2.0,6.0,2.0,1.0,1.0,2.0,1.0,1.0,65.0,14.0,7.0
3.083333,2.019231,3.0,4.0,6.0,1.0,2.0,2.0,2.0,1.0,3.0,77.15273775216139,32.55794871794872,8.0
3.659091,3.526316,1.0,2.0,6.0,1.0,2.0,1.0,1.0,2.0,6.0,77.15273775216139,32.55794871794872,8.0
2.826087,2.615385,3.0,4.0,6.0,1.0,2.0,2.0,2.0,1.0,3.0,77.15273775216139,32.55794871794872,8.0
4.065217,3.952381,3.0,4.0,6.0,2.0,2.0,2.0,2.0,1.0,3.0,77.15273775216139,47.0,4.0
4.058824,2.886364,3.0,4.0,6.0,1.0,1.0,2.0,2.0,1.0,3.0,77.15273775216139,32.55794871794872,10.0
1.5,2.545455,1.0,2.0,6.0,2.0,2.0,1.0,2.0,2.0,3.0,80.0,25.0,7.0
2.833333,3.318182,3.0,2.0,6.0,2.0,2.0,1.0,2.0,2.0,3.0,77.15273775216139,32.55794871794872,8.0
4.095238,3.97619,1.0,2.0,6.0,2.0,2.0,1.0,1.0,1.0,1.0,102.0,32.55794871794872,9.0
2.26,2.076923,3.0,4.0,6.0,1.0,2.0,2.0,1.0,2.0,3.0,77.15273775216139,32.55794871794872,8.0
4.022727,3.796296,3.0,4.0,6.0,1.0,2.0,2.0,2.0,1.0,3.0,77.15273775216139,32.55794871794872,10.0
1.34375,3.142857,1.0,2.0,6.0,2.0,1.0,1.0,2.0,1.0,1.0,77.0,19.0,7.0
3.673913,3.942308,1.0,4.0,6.0,1.0,2.0,2.0,2.0,2.0,5.0,77.15273775216139,32.55794871794872,7.0
3.68,3.454545,3.0,4.0,6.0,1.0,2.0,2.0,2.0,2.0,3.0,77.15273775216139,32.55794871794872,10.0
2.107143,3.0,3.0,4.0,6.0,1.0,2.0,2.0,2.0,1.0,3.0,77.15273775216139,32.55794871794872,8.0
3.222222,3.448276,3.0,4.0,6.0,1.0,2.0,2.0,2.0,1.0,3.0,77.15273775216139,32.55794871794872,7.0
4.134615,4.347826,3.0,4.0,6.0,1.0,2.0,2.0,1.0,2.0,3.0,77.15273775216139,47.0,9.0
3.880952,3.894737,1.0,2.0,6.0,2.0,1.0,1.0,2.0,2.0,3.0,87.0,35.0,9.0
4.2,3.631579,1.0,2.0,6.0,2.0,1.0,1.0,2.0,1.0,2.0,90.0,35.0,9.0
1.675,2.5,3.0,4.0,6.0,1.0,2.0,2.0,1.0,2.0,3.0,77.15273775216139,32.55794871794872,8.0
2.456522,2.380952,3.0,4.0,6.0,2.0,2.0,2.0,2.0,1.0,1.0,77.15273775216139,37.0,9.0
1.03125,0.666667,1.0,2.0,6.0,2.0,2.0,1.0,1.0,1.0,1.0,74.0,18.0,3.0
3.285714,3.526316,1.0,2.0,6.0,2.0,2.0,1.0,2.0,2.0,6.0,71.0,34.0,9.0
3.42,2.277778,1.0,2.0,6.0,2.0,2.0,1.0,2.0,1.0,5.0,83.0,31.0,9.0
3.94,2.695652,3.0,2.0,6.0,2.0,2.0,1.0,2.0,1.0,2.0,78.0,48.0,4.0
3.852941,4.029412,1.0,2.0,6.0,2.0,1.0,1.0,2.0,0.0,7.0,77.15273775216139,34.0,9.0
3.568182,3.148148,3.0,4.0,6.0,1.0,2.0,2.0,2.0,1.0,4.0,77.15273775216139,32.55794871794872,9.0
4.181818,3.714286,3.0,2.0,6.0,2.0,2.0,1.0,2.0,2.0,3.0,77.15273775216139,35.0,10.0
4.2,3.956522,3.0,2.0,6.0,2.0,2.0,1.0,2.0,2.0,3.0,77.15273775216139,49.0,8.0
1.15,1.815789,3.0,2.0,6.0,2.0,1.0,1.0,2.0,2.0,4.0,77.15273775216139,25.0,8.0
0.0,0.0,1.0,2.0,6.0,2.0,1.0,1.0,2.0,1.0,1.0,59.0,16.0,7.0
2.25,2.666667,1.0,2.0,6.0,2.0,2.0,1.0,1.0,1.0,2.0,73.0,20.0,7.0
2.54,3.108696,1.0,2.0,6.0,2.0,2.0,1.0,2.0,1.0,2.0,66.0,12.0,7.0
3.717391,3.152174,3.0,2.0,6.0,2.0,1.0,1.0,2.0,1.0,1.0,86.0,44.0,9.0
3.363636,2.444444,3.0,4.0,6.0,1.0,2.0,2.0,1.0,1.0,3.0,77.15273775216139,32.55794871794872,7.0
2.7,1.944444,1.0,2.0,6.0,2.0,1.0,1.0,1.0,2.0,3.0,90.0,37.0,9.0
2.0,2.416667,1.0,4.0,6.0,2.0,2.0,2.0,2.0,1.0,1.0,77.15273775216139,42.0,4.0
1.761905,0.0,1.0,2.0,6.0,2.0,2.0,1.0,2.0,1.0,2.0,74.0,32.55794871794872,4.0
3.869565,2.782609,3.0,8.0,6.0,2.0,2.0,1.0,2.0,0.0,7.0,77.15273775216139,38.0,8.0
1.275,0.42,3.0,4.0,6.0,1.0,2.0,2.0,2.0,1.0,3.0,77.15273775216139,32.55794871794872,7.0
2.380952,2.130435,1.0,2.0,6.0,2.0,2.0,1.0,2.0,1.0,1.0,78.0,31.0,9.0
2.175,2.25,3.0,4.0,6.0,1.0,2.0,2.0,1.0,2.0,3.0,77.15273775216139,32.55794871794872,8.0
4.021739,3.694444,1.0,2.0,6.0,2.0,2.0,1.0,1.0,1.0,1.0,86.0,37.0,9.0
1.710526,0.346154,2.0,2.0,6.0,2.0,1.0,1.0,2.0,1.0,2.0,63.0,10.0,7.0
2.333333,2.634615,3.0,4.0,6.0,1.0,2.0,2.0,1.0,1.0,3.0,77.15273775216139,32.55794871794872,7.0
0.0,2.820175578700078,1.0,2.0,6.0,2.0,2.0,1.0,2.0,1.0,4.0,85.0,32.55794871794872,9.0
3.62,4.0,1.0,1.0,6.0,2.0,1.0,1.0,2.0,2.0,3.0,85.0,29.0,9.0
3.23913,3.44,3.0,4.0,6.0,1.0,2.0,2.0,1.0,1.0,3.0,77.15273775216139,32.55794871794872,9.0
2.2,2.59375,1.0,2.0,6.0,2.0,2.0,1.0,1.0,2.0,4.0,77.15273775216139,27.0,9.0
3.333333,3.652174,3.0,4.0,6.0,2.0,2.0,2.0,2.0,2.0,1.0,77.15273775216139,47.0,9.0
3.525,3.021739,1.0,2.0,6.0,2.0,2.0,1.0,2.0,1.0,2.0,88.0,36.0,9.0
3.325,3.375,3.0,2.0,6.0,2.0,2.0,1.0,2.0,2.0,6.0,77.15273775216139,29.0,7.0
2.425,2.565217,3.0,4.0,6.0,2.0,1.0,2.0,1.0,0.0,2.0,62.0,37.0,4.0
2.826087,1.807692,3.0,4.0,6.0,1.0,1.0,2.0,2.0,1.0,3.0,77.15273775216139,32.55794871794872,9.0
3.552632,3.78,3.0,4.0,6.0,1.0,2.0,2.0,2.0,2.0,3.0,77.15273775216139,32.55794871794872,8.0
4.238095,3.891304,3.0,2.0,6.0,2.0,2.0,1.0,2.0,2.0,6.0,77.15273775216139,48.0,10.0
0.0,2.820175578700078,1.0,2.0,6.0,2.0,2.0,1.0,2.0,1.0,2.0,67.0,27.0,9.0
3.565217,4.0,1.0,2.0,6.0,1.0,1.0,1.0,1.0,2.0,3.0,86.0,32.55794871794872,9.0
3.865385,3.844828,3.0,4.0,6.0,1.0,2.0,2.0,2.0,2.0,3.0,77.15273775216139,47.0,4.0
4.184211,3.975,1.0,2.0,6.0,2.0,2.0,1.0,2.0,1.0,3.0,82.0,30.0,9.0
0.736842,0.833333,1.0,2.0,6.0,2.0,1.0,1.0,2.0,1.0,1.0,70.0,20.0,9.0
2.894737,2.740741,3.0,4.0,6.0,1.0,1.0,2.0,2.0,2.0,4.0,77.15273775216139,32.55794871794872,7.0
3.619048,4.041667,3.0,2.0,6.0,2.0,2.0,1.0,1.0,2.0,3.0,77.15273775216139,32.55794871794872,8.0
0.76087,0.0,1.0,2.0,6.0,2.0,1.0,1.0,2.0,1.0,1.0,79.0,34.0,9.0
2.447368,2.394737,3.0,4.0,6.0,2.0,2.0,2.0,2.0,1.0,2.0,77.15273775216139,32.55794871794872,7.0
3.729167,3.729167,3.0,4.0,6.0,2.0,2.0,2.0,2.0,1.0,3.0,77.15273775216139,45.0,8.0
1.071429,0.0,1.0,2.0,6.0,2.0,1.0,1.0,2.0,1.0,1.0,77.15273775216139,31.0,9.0
2.9,2.625,3.0,4.0,6.0,2.0,2.0,2.0,2.0,2.0,2.0,77.15273775216139,34.0,8.0
4.369565,4.461538,1.0,2.0,6.0,1.0,2.0,1.0,2.0,2.0,4.0,96.0,32.55794871794872,9.0
0.4375,0.0,1.0,2.0,6.0,2.0,2.0,1.0,2.0,1.0,1.0,72.0,20.0,7.0
4.217391,4.333333,3.0,2.0,6.0,2.0,2.0,1.0,1.0,2.0,7.0,77.15273775216139,46.0,10.0
2.0,0.0,1.0,2.0,6.0,2.0,2.0,1.0,2.0,1.0,1.0,73.0,33.0,9.0
1.863636,2.428571,1.0,2.0,6.0,2.0,2.0,1.0,2.0,1.0,1.0,64.0,11.0,3.0
2.045455,2.820175578700078,1.0,2.0,6.0,2.0,2.0,1.0,2.0,2.0,1.0,86.0,28.0,9.0
4.0,3.5,3.0,4.0,6.0,1.0,2.0,2.0,1.0,1.0,3.0,77.15273775216139,32.55794871794872,9.0
3.131579,1.25,1.0,2.0,6.0,2.0,2.0,1.0,2.0,1.0,1.0,73.0,20.0,9.0
2.309524,3.043478,3.0,4.0,6.0,1.0,2.0,2.0,2.0,1.0,3.0,77.15273775216139,32.55794871794872,8.0
3.23913,3.527778,1.0,2.0,6.0,2.0,2.0,1.0,1.0,1.0,1.0,96.0,27.0,9.0
2.547619,2.0,1.0,2.0,6.0,2.0,2.0,1.0,2.0,1.0,1.0,77.15273775216139,14.0,7.0
4.086957,3.673077,1.0,1.0,6.0,2.0,1.0,1.0,2.0,1.0,1.0,77.0,31.0,9.0
3.880952,3.0,1.0,2.0,6.0,2.0,1.0,1.0,1.0,1.0,1.0,90.0,43.0,9.0
3.277778,2.5,1.0,2.0,6.0,2.0,1.0,1.0,2.0,1.0,1.0,81.0,32.55794871794872,8.030172413793103
3.272727,1.5,1.0,2.0,6.0,2.0,2.0,1.0,2.0,1.0,1.0,76.0,32.55794871794872,7.0
0.0,2.820175578700078,3.0,4.0,6.0,2.0,2.0,2.0,1.0,1.0,1.0,77.15273775216139,32.55794871794872,8.0
4.130435,4.02381,1.0,4.0,6.0,2.0,2.0,2.0,1.0,1.0,3.0,77.15273775216139,42.0,8.0
3.277778,3.44,3.0,4.0,6.0,1.0,2.0,2.0,2.0,1.0,3.0,77.15273775216139,32.55794871794872,9.0
3.368421,2.152174,3.0,2.0,6.0,2.0,1.0,1.0,2.0,1.0,3.0,74.0,24.0,4.0
2.638889,2.038462,3.0,4.0,6.0,1.0,2.0,2.0,2.0,1.0,3.0,77.15273775216139,32.55794871794872,8.0
3.6,2.638889,1.0,2.0,6.0,2.0,2.0,1.0,2.0,1.0,2.0,77.0,32.55794871794872,9.0
3.73913,3.315789,1.0,4.0,6.0,2.0,2.0,2.0,2.0,1.0,3.0,77.15273775216139,24.0,9.0
0.0,2.820175578700078,1.0,2.0,6.0,2.0,1.0,1.0,1.0,1.0,3.0,66.0,20.0,9.0
4.16,2.820175578700078,3.0,2.0,6.0,2.0,2.0,1.0,2.0,2.0,7.0,79.0,48.0,4.0
2.75,2.75,3.0,4.0,6.0,1.0,2.0,2.0,2.0,2.0,3.0,77.15273775216139,41.0,8.0
3.4375,3.681818,1.0,2.0,6.0,2.0,1.0,1.0,2.0,0.0,3.0,92.0,41.0,9.0
3.0,3.16,3.0,4.0,6.0,1.0,2.0,2.0,2.0,2.0,4.0,77.15273775216139,32.55794871794872,8.0
2.891304,3.666667,3.0,4.0,6.0,2.0,2.0,2.0,2.0,2.0,3.0,77.15273775216139,26.0,8.0
3.73913,3.173077,3.0,4.0,6.0,1.0,2.0,2.0,1.0,2.0,3.0,77.15273775216139,32.55794871794872,8.0
2.214286,2.820175578700078,1.0,2.0,6.0,2.0,2.0,1.0,2.0,1.0,2.0,67.0,17.0,7.0
3.04,2.590909,3.0,4.0,6.0,1.0,1.0,2.0,2.0,2.0,3.0,77.15273775216139,32.55794871794872,10.0
3.428571,3.875,1.0,2.0,6.0,2.0,2.0,1.0,1.0,2.0,3.0,77.15273775216139,19.0,7.0
2.409091,2.826087,1.0,2.0,6.0,2.0,1.0,1.0,1.0,2.0,3.0,73.0,27.0,4.0
2.921053,2.588235,1.0,2.0,6.0,2.0,1.0,1.0,2.0,2.0,4.0,56.0,28.0,7.0
1.105263,0.0,1.0,2.0,6.0,2.0,2.0,1.0,2.0,2.0,2.0,82.0,22.0,7.0
0.357143,0.0,1.0,2.0,6.0,2.0,2.0,1.0,2.0,0.0,3.0,77.15273775216139,26.0,4.0
3.875,3.416667,3.0,4.0,6.0,2.0,2.0,2.0,2.0,1.0,1.0,77.15273775216139,48.0,8.0
2.75,2.875,1.0,2.0,6.0,2.0,1.0,1.0,1.0,1.0,2.0,87.0,40.0,9.0
1.805556,2.473684,3.0,4.0,6.0,2.0,2.0,2.0,2.0,1.0,2.0,77.15273775216139,37.0,8.0
3.083333,3.25,3.0,4.0,6.0,1.0,2.0,2.0,2.0,1.0,3.0,77.15273775216139,32.55794871794872,8.0
2.5,2.26,3.0,4.0,6.0,1.0,2.0,2.0,2.0,1.0,1.0,77.15273775216139,32.55794871794872,7.0
4.38,4.26087,3.0,4.0,6.0,1.0,2.0,2.0,2.0,1.0,3.0,77.15273775216139,32.55794871794872,8.0
2.275,1.233333,1.0,2.0,6.0,2.0,1.0,1.0,2.0,1.0,3.0,73.0,24.0,7.0
3.88,3.788462,3.0,4.0,6.0,1.0,2.0,2.0,2.0,2.0,3.0,77.15273775216139,32.55794871794872,8.0
3.416667,3.886364,3.0,4.0,6.0,1.0,1.0,2.0,2.0,2.0,3.0,77.15273775216139,32.55794871794872,10.0
1.571429,1.710526,1.0,2.0,6.0,2.0,1.0,1.0,2.0,1.0,1.0,73.0,32.0,9.0
3.25,2.673077,3.0,2.0,6.0,2.0,2.0,1.0,2.0,1.0,2.0,71.0,36.0,4.0
2.642857,2.75,1.0,2.0,6.0,2.0,2.0,1.0,1.0,1.0,1.0,75.0,35.0,9.0
0.0,1.0,1.0,2.0,6.0,2.0,2.0,1.0,2.0,1.0,1.0,69.0,34.0,9.0
4.309524,4.190476,1.0,2.0,6.0,2.0,2.0,1.0,1.0,2.0,4.0,81.0,39.0,9.0
0.0,2.820175578700078,3.0,4.0,6.0,1.0,2.0,2.0,1.0,1.0,6.0,77.15273775216139,32.55794871794872,7.0
4.041667,4.333333,3.0,4.0,6.0,2.0,1.0,2.0,2.0,1.0,3.0,77.15273775216139,49.0,10.0
3.630435,3.416667,3.0,4.0,6.0,2.0,2.0,2.0,1.0,2.0,1.0,77.15273775216139,41.0,10.0
3.673913,3.714286,3.0,4.0,6.0,2.0,2.0,2.0,1.0,2.0,2.0,77.15273775216139,40.0,4.0
4.09375,1.022727,3.0,2.0,6.0,2.0,1.0,1.0,2.0,1.0,3.0,77.0,44.0,9.0
2.6,2.619048,3.0,4.0,6.0,1.0,2.0,2.0,1.0,2.0,3.0,77.15273775216139,32.55794871794872,10.0
2.846073103521127,2.820175578700078,2.0,2.0,6.0,2.0,1.0,1.0,1.0,1.0,1.0,80.0,23.0,8.0
2.605263,1.880952,1.0,2.0,6.0,2.0,2.0,1.0,2.0,1.0,3.0,65.0,23.0,7.0
4.0,3.666667,1.0,2.0,6.0,2.0,2.0,1.0,1.0,2.0,3.0,86.0,32.55794871794872,9.0
4.066667,3.431034,3.0,2.0,6.0,2.0,2.0,1.0,2.0,2.0,3.0,72.0,31.0,9.0
3.543478,3.386364,3.0,4.0,6.0,1.0,2.0,2.0,2.0,2.0,3.0,77.15273775216139,32.55794871794872,4.0
3.208333,2.565217,3.0,4.0,6.0,1.0,2.0,2.0,2.0,2.0,3.0,77.15273775216139,32.55794871794872,8.0
3.35,3.361111,3.0,2.0,6.0,2.0,2.0,1.0,1.0,2.0,3.0,77.15273775216139,46.0,4.0
0.0,2.820175578700078,3.0,4.0,6.0,1.0,2.0,2.0,1.0,1.0,3.0,77.15273775216139,32.55794871794872,10.0
3.380952,2.333333,1.0,2.0,6.0,2.0,1.0,1.0,1.0,1.0,1.0,92.0,40.0,9.0
3.791667,3.979167,1.0,4.0,6.0,2.0,2.0,2.0,2.0,1.0,4.0,77.15273775216139,47.0,8.0
3.4,3.096154,3.0,4.0,6.0,2.0,2.0,2.0,2.0,0.0,3.0,77.15273775216139,46.0,8.0
3.205882,2.973684,3.0,4.0,6.0,1.0,2.0,2.0,2.0,1.0,3.0,77.15273775216139,32.55794871794872,10.0
4.043478,2.820175578700078,3.0,4.0,6.0,2.0,2.0,2.0,1.0,1.0,2.0,77.15273775216139,46.0,9.0
3.272727,2.608696,1.0,2.0,6.0,2.0,1.0,1.0,2.0,2.0,1.0,89.0,32.55794871794872,8.030172413793103
1.541667,1.934783,1.0,2.0,6.0,2.0,2.0,1.0,2.0,1.0,1.0,74.0,24.0,9.0
3.02381,2.772727,3.0,4.0,6.0,2.0,2.0,2.0,2.0,1.0,1.0,77.15273775216139,39.0,4.0
3.5,3.5,3.0,4.0,6.0,1.0,2.0,2.0,1.0,2.0,3.0,77.15273775216139,32.55794871794872,4.0
3.166667,2.777778,3.0,2.0,6.0,2.0,1.0,1.0,2.0,2.0,7.0,77.15273775216139,45.0,8.0
4.043478,3.826923,3.0,4.0,6.0,1.0,2.0,2.0,1.0,2.0,3.0,77.15273775216139,32.55794871794872,7.0
2.92,2.928571,1.0,2.0,6.0,2.0,1.0,1.0,2.0,1.0,1.0,79.0,26.0,9.0
2.6,2.433333,1.0,2.0,6.0,2.0,2.0,1.0,2.0,1.0,2.0,70.0,39.0,9.0
3.3,3.5,3.0,4.0,6.0,1.0,2.0,2.0,2.0,1.0,3.0,77.15273775216139,32.55794871794872,7.0
2.921053,3.846154,1.0,2.0,6.0,2.0,1.0,1.0,1.0,2.0,3.0,93.0,43.0,9.0
3.979167,3.333333,1.0,4.0,6.0,2.0,1.0,2.0,2.0,1.0,4.0,77.15273775216139,48.0,8.030172413793103
2.340909,2.136364,2.0,2.0,6.0,2.0,1.0,1.0,2.0,1.0,1.0,87.0,32.55794871794872,8.030172413793103
3.826923,4.347826,1.0,4.0,6.0,1.0,1.0,2.0,2.0,2.0,4.0,77.15273775216139,32.55794871794872,9.0
3.55,3.6,1.0,2.0,6.0,2.0,2.0,1.0,2.0,2.0,3.0,81.0,37.0,9.0
0.0,0.0,1.0,2.0,6.0,2.0,2.0,1.0,2.0,1.0,1.0,72.0,29.0,7.0
4.25,3.865385,3.0,4.0,6.0,1.0,2.0,2.0,1.0,1.0,3.0,77.15273775216139,32.55794871794872,8.0
0.2,0.0,3.0,2.0,6.0,2.0,1.0,1.0,2.0,0.0,3.0,17.0,23.0,9.0
2.4375,3.227273,1.0,2.0,6.0,2.0,2.0,1.0,2.0,1.0,1.0,79.0,24.0,7.0
3.173913,3.18,3.0,4.0,6.0,1.0,2.0,2.0,2.0,2.0,3.0,77.15273775216139,32.55794871794872,10.0
3.23913,3.309524,3.0,4.0,6.0,2.0,2.0,2.0,1.0,2.0,1.0,77.15273775216139,26.0,8.0
4.111111,3.5,1.0,2.0,6.0,2.0,1.0,1.0,2.0,2.0,4.0,80.0,47.0,10.0
4.285714,3.886364,3.0,4.0,6.0,2.0,2.0,2.0,2.0,1.0,2.0,77.15273775216139,44.0,10.0
1.875,2.0,1.0,5.0,6.0,2.0,2.0,2.0,2.0,1.0,1.0,77.15273775216139,44.0,4.0
3.227273,3.136364,1.0,2.0,6.0,2.0,1.0,1.0,2.0,1.0,1.0,74.0,41.0,8.0
3.619048,3.738095,1.0,2.0,6.0,2.0,2.0,1.0,1.0,2.0,7.0,78.0,37.0,9.0
1.86,2.0,1.0,2.0,6.0,2.0,2.0,1.0,2.0,1.0,1.0,71.0,28.0,9.0
0.0,2.636364,3.0,4.0,6.0,2.0,1.0,2.0,1.0,2.0,4.0,77.15273775216139,48.0,9.0
1.535714,1.117647,3.0,4.0,6.0,1.0,2.0,2.0,2.0,2.0,3.0,77.15273775216139,32.55794871794872,8.0
4.369565,3.880952,1.0,2.0,6.0,2.0,2.0,1.0,2.0,2.0,7.0,77.15273775216139,43.0,7.0
2.23913,3.095238,3.0,2.0,6.0,2.0,2.0,1.0,2.0,1.0,1.0,82.0,38.0,8.0
2.421053,1.076923,1.0,2.0,6.0,2.0,2.0,1.0,2.0,1.0,2.0,67.0,24.0,7.0
2.7,1.815789,1.0,2.0,6.0,2.0,1.0,1.0,2.0,1.0,2.0,78.0,32.0,9.0
2.25,2.820175578700078,1.0,2.0,6.0,2.0,2.0,1.0,2.0,1.0,2.0,75.0,34.0,9.0
3.818182,3.75,3.0,4.0,6.0,2.0,2.0,2.0,2.0,1.0,2.0,77.15273775216139,47.0,10.0
3.210526,1.431818,1.0,2.0,6.0,2.0,2.0,1.0,2.0,1.0,1.0,65.0,20.0,8.0
0.0,0.0,1.0,2.0,6.0,2.0,1.0,1.0,2.0,1.0,2.0,67.0,34.0,7.0
0.0,2.820175578700078,1.0,2.0,6.0,2.0,1.0,1.0,2.0,1.0,2.0,92.0,32.55794871794872,8.030172413793103
3.227273,3.130435,1.0,2.0,6.0,2.0,1.0,1.0,2.0,2.0,2.0,89.0,30.0,8.030172413793103
2.75,3.125,3.0,4.0,6.0,1.0,2.0,2.0,2.0,2.0,3.0,77.15273775216139,32.55794871794872,10.0
3.4,3.391304,1.0,2.0,6.0,2.0,2.0,1.0,2.0,0.0,6.0,77.15273775216139,18.0,9.0
4.2,4.142857,1.0,2.0,6.0,2.0,2.0,1.0,2.0,1.0,1.0,83.0,25.0,3.0
3.547619,3.022727,1.0,2.0,6.0,2.0,2.0,1.0,2.0,1.0,1.0,84.0,21.0,8.0
4.428571,2.820175578700078,1.0,2.0,6.0,2.0,2.0,1.0,1.0,2.0,3.0,100.0,32.55794871794872,9.0
2.68,2.190476,1.0,2.0,6.0,2.0,2.0,1.0,2.0,1.0,3.0,65.0,19.0,7.0
3.840909,4.26087,1.0,2.0,6.0,2.0,1.0,1.0,2.0,1.0,1.0,92.0,32.55794871794872,8.030172413793103
3.56,3.190476,1.0,2.0,6.0,2.0,2.0,1.0,2.0,1.0,3.0,71.0,29.0,9.0
4.309524,4.142857,1.0,2.0,6.0,2.0,2.0,1.0,1.0,2.0,3.0,93.0,32.55794871794872,9.0
2.805556,2.519231,3.0,4.0,6.0,1.0,2.0,2.0,1.0,1.0,3.0,77.15273775216139,32.55794871794872,7.0
3.652174,3.714286,1.0,2.0,6.0,2.0,1.0,1.0,1.0,2.0,4.0,75.0,17.0,9.0
2.6875,1.294118,1.0,2.0,6.0,2.0,2.0,1.0,2.0,2.0,3.0,85.0,28.0,9.0
2.03125,2.820175578700078,1.0,2.0,6.0,2.0,2.0,1.0,2.0,2.0,5.0,77.15273775216139,32.55794871794872,9.0
3.166667,2.5,3.0,2.0,6.0,2.0,2.0,1.0,1.0,1.0,3.0,80.0,26.0,10.0
2.52381,2.820175578700078,1.0,2.0,6.0,2.0,2.0,1.0,2.0,1.0,1.0,84.0,35.0,9.0
3.608696,2.630435,3.0,4.0,6.0,2.0,2.0,2.0,2.0,1.0,1.0,77.15273775216139,44.0,4.0
3.44,3.23913,1.0,2.0,6.0,2.0,2.0,1.0,2.0,1.0,1.0,78.0,24.0,7.0
2.852941,2.880952,1.0,2.0,6.0,2.0,1.0,1.0,2.0,2.0,1.0,83.0,25.0,7.0
3.428571,3.4,3.0,4.0,6.0,2.0,2.0,2.0,2.0,1.0,4.0,77.15273775216139,43.0,8.0
4.142857,4.074074,1.0,4.0,6.0,1.0,2.0,2.0,2.0,1.0,3.0,77.15273775216139,32.55794871794872,9.0
4.173913,4.282609,1.0,4.0,6.0,2.0,2.0,2.0,2.0,1.0,3.0,77.15273775216139,44.0,8.0
3.571429,2.788462,1.0,2.0,6.0,2.0,2.0,1.0,2.0,2.0,2.0,87.0,39.0,9.0
2.1,2.820175578700078,1.0,2.0,6.0,2.0,2.0,1.0,2.0,0.0,1.0,66.0,25.0,9.0
3.1,3.295455,3.0,4.0,6.0,1.0,2.0,2.0,2.0,1.0,4.0,77.15273775216139,32.55794871794872,7.0
0.84,0.0,1.0,2.0,6.0,2.0,2.0,1.0,2.0,1.0,1.0,74.0,32.55794871794872,7.0
3.02,3.18,1.0,4.0,6.0,2.0,2.0,2.0,2.0,1.0,3.0,77.15273775216139,45.0,8.0
2.210526,2.363636,1.0,8.0,6.0,2.0,2.0,1.0,2.0,1.0,7.0,77.15273775216139,16.0,9.0
3.804348,3.519231,3.0,4.0,6.0,1.0,2.0,2.0,1.0,2.0,3.0,77.15273775216139,32.55794871794872,10.0
0.0,2.820175578700078,1.0,2.0,6.0,2.0,2.0,1.0,2.0,2.0,2.0,67.0,32.55794871794872,8.030172413793103
3.333333,3.46,3.0,4.0,6.0,1.0,2.0,2.0,1.0,1.0,3.0,77.15273775216139,32.55794871794872,9.0
0.0,2.820175578700078,1.0,2.0,6.0,2.0,2.0,1.0,2.0,1.0,1.0,67.0,31.0,9.0
3.1,2.47619,1.0,2.0,6.0,2.0,2.0,1.0,2.0,1.0,1.0,78.0,19.0,7.0
3.6,3.775,1.0,4.0,6.0,2.0,2.0,2.0,2.0,1.0,4.0,77.15273775216139,32.55794871794872,8.0
4.38,4.5,1.0,1.0,6.0,2.0,1.0,1.0,2.0,2.0,3.0,85.0,45.0,9.0
4.304348,4.24,1.0,2.0,6.0,1.0,2.0,1.0,2.0,2.0,4.0,77.15273775216139,32.55794871794872,9.0
4.26087,3.954545,1.0,4.0,6.0,1.0,2.0,2.0,1.0,2.0,4.0,77.15273775216139,48.0,9.0
2.875,3.068182,3.0,4.0,6.0,1.0,2.0,2.0,2.0,2.0,3.0,77.15273775216139,32.55794871794872,8.0
0.727273,2.820175578700078,1.0,2.0,6.0,2.0,2.0,1.0,2.0,1.0,6.0,75.0,24.0,9.0
3.130435,2.480769,1.0,1.0,6.0,2.0,1.0,1.0,2.0,1.0,1.0,79.0,28.0,9.0
2.0,0.0,3.0,4.0,6.0,2.0,2.0,2.0,1.0,2.0,2.0,77.15273775216139,22.0,4.0
3.909091,3.318182,3.0,4.0,6.0,2.0,2.0,2.0,2.0,2.0,3.0,77.15273775216139,24.0,8.0
4.195652,4.119048,3.0,2.0,6.0,2.0,1.0,1.0,1.0,2.0,7.0,77.15273775216139,47.0,10.0
0.0,2.820175578700078,1.0,2.0,6.0,2.0,2.0,1.0,2.0,1.0,3.0,53.0,16.0,9.0
4.166667,4.111111,1.0,2.0,6.0,2.0,2.0,1.0,1.0,2.0,3.0,94.0,32.55794871794872,9.0
2.9375,2.711538,3.0,4.0,6.0,1.0,2.0,2.0,2.0,2.0,3.0,77.15273775216139,32.55794871794872,10.0
2.657895,0.3,1.0,2.0,6.0,2.0,1.0,1.0,2.0,2.0,3.0,88.0,25.0,7.0
4.076923,4.434783,1.0,2.0,6.0,1.0,2.0,1.0,2.0,2.0,7.0,93.0,32.55794871794872,10.0
2.090909,1.833333,1.0,2.0,6.0,2.0,2.0,1.0,2.0,1.0,2.0,60.0,17.0,3.0
3.695652,3.952381,3.0,4.0,6.0,2.0,2.0,2.0,2.0,2.0,2.0,77.15273775216139,42.0,8.0
0.0,0.0,3.0,4.0,6.0,2.0,1.0,2.0,2.0,1.0,3.0,77.15273775216139,32.55794871794872,8.0
4.104167,4.0625,1.0,2.0,6.0,2.0,2.0,1.0,2.0,1.0,3.0,92.0,47.0,4.0
1.676471,2.678571,3.0,4.0,6.0,2.0,2.0,2.0,2.0,2.0,1.0,77.15273775216139,12.0,4.0
3.666667,3.58,3.0,4.0,6.0,1.0,2.0,2.0,1.0,1.0,4.0,77.15273775216139,32.55794871794872,9.0
3.026316,2.291667,1.0,2.0,6.0,2.0,1.0,1.0,2.0,1.0,1.0,72.0,25.0,7.0
0.5,1.375,1.0,2.0,6.0,2.0,2.0,1.0,2.0,1.0,1.0,56.0,31.0,7.0
3.5,4.02,3.0,4.0,6.0,1.0,2.0,2.0,2.0,2.0,3.0,77.15273775216139,32.55794871794872,10.0
2.55,3.294118,3.0,2.0,6.0,2.0,2.0,1.0,1.0,1.0,3.0,79.0,21.0,10.0
0.714286,0.0,3.0,4.0,6.0,1.0,1.0,2.0,2.0,1.0,3.0,77.15273775216139,32.55794871794872,8.0
0.315789,2.820175578700078,1.0,2.0,6.0,2.0,2.0,1.0,2.0,1.0,3.0,55.0,22.0,9.0
4.357143,4.409091,1.0,8.0,6.0,2.0,2.0,1.0,2.0,0.0,5.0,77.15273775216139,34.0,9.0
3.037037,3.204545,1.0,4.0,6.0,1.0,1.0,2.0,1.0,1.0,3.0,77.15273775216139,32.55794871794872,8.0
0.0,2.820175578700078,1.0,4.0,6.0,2.0,2.0,2.0,2.0,1.0,1.0,77.15273775216139,45.0,8.0
2.15,3.0,1.0,4.0,6.0,2.0,2.0,2.0,2.0,1.0,1.0,77.15273775216139,41.0,4.0
2.547619,2.891304,1.0,2.0,6.0,2.0,1.0,1.0,2.0,1.0,2.0,78.0,27.0,9.0
1.75,1.071429,3.0,4.0,6.0,1.0,2.0,2.0,2.0,1.0,4.0,77.15273775216139,32.55794871794872,8.0
1.964286,2.868421,3.0,4.0,6.0,2.0,2.0,2.0,2.0,2.0,1.0,77.15273775216139,44.0,10.0
2.92,3.240741,3.0,4.0,6.0,1.0,2.0,2.0,1.0,1.0,3.0,77.15273775216139,32.55794871794872,3.0
3.586957,3.307692,3.0,4.0,6.0,1.0,2.0,2.0,1.0,1.0,4.0,77.15273775216139,32.55794871794872,8.0
3.06,3.304348,3.0,4.0,6.0,1.0,2.0,2.0,2.0,2.0,3.0,77.15273775216139,45.0,8.0
2.282609,0.0,1.0,1.0,6.0,2.0,1.0,1.0,2.0,1.0,3.0,74.0,32.0,8.0
4.095238,4.222222,1.0,2.0,6.0,2.0,2.0,1.0,1.0,2.0,3.0,102.0,32.55794871794872,9.0
3.434783,3.134615,3.0,4.0,6.0,1.0,2.0,2.0,1.0,2.0,3.0,77.15273775216139,32.55794871794872,8.0
4.021739,4.315789,1.0,2.0,6.0,2.0,2.0,1.0,1.0,2.0,3.0,95.0,30.0,9.0
3.395833,3.478261,3.0,4.0,6.0,1.0,1.0,2.0,2.0,1.0,4.0,77.15273775216139,32.55794871794872,9.0
3.73913,3.211538,3.0,4.0,6.0,1.0,2.0,2.0,2.0,1.0,3.0,77.15273775216139,32.55794871794872,8.0
3.0625,3.5625,3.0,4.0,6.0,2.0,2.0,2.0,2.0,2.0,1.0,77.15273775216139,48.0,8.0
2.545455,1.947368,1.0,2.0,6.0,2.0,1.0,1.0,2.0,1.0,3.0,74.0,22.0,9.0
2.416667,2.365385,3.0,4.0,6.0,1.0,2.0,2.0,1.0,1.0,3.0,77.15273775216139,32.55794871794872,7.0
2.8,2.75,1.0,2.0,6.0,2.0,1.0,1.0,1.0,1.0,1.0,86.0,20.0,7.0
4.090909,4.0,1.0,2.0,6.0,2.0,1.0,1.0,2.0,1.0,1.0,90.0,31.0,9.0
2.833333,2.820175578700078,1.0,2.0,6.0,2.0,1.0,1.0,2.0,1.0,3.0,105.0,32.55794871794872,8.030172413793103
4.047619,3.76,1.0,2.0,6.0,2.0,1.0,1.0,2.0,1.0,2.0,88.0,47.0,9.0
3.175,2.952381,3.0,4.0,6.0,1.0,2.0,2.0,2.0,1.0,3.0,77.15273775216139,32.55794871794872,9.0
3.261905,2.956522,1.0,2.0,6.0,2.0,1.0,1.0,2.0,1.0,1.0,88.0,30.0,9.0
3.23913,3.25,1.0,2.0,6.0,2.0,2.0,1.0,2.0,2.0,2.0,77.15273775216139,46.0,9.0
0.0,2.820175578700078,1.0,2.0,6.0,2.0,2.0,1.0,2.0,1.0,1.0,77.0,29.0,7.0
4.166667,3.978261,1.0,2.0,6.0,1.0,1.0,1.0,1.0,2.0,4.0,97.0,32.55794871794872,9.0
3.152174,3.0,3.0,4.0,6.0,1.0,2.0,2.0,1.0,2.0,3.0,77.15273775216139,32.55794871794872,10.0
3.608696,3.613636,1.0,2.0,6.0,2.0,2.0,1.0,1.0,1.0,2.0,73.0,21.0,9.0
2.434783,2.307692,3.0,4.0,6.0,1.0,2.0,2.0,2.0,1.0,3.0,77.15273775216139,32.55794871794872,8.0
2.657895,1.888889,1.0,4.0,6.0,2.0,2.0,2.0,2.0,0.0,3.0,77.15273775216139,14.0,8.0
3.025,2.772727,3.0,4.0,6.0,1.0,2.0,2.0,1.0,1.0,4.0,77.15273775216139,32.55794871794872,8.0
3.543478,3.692308,3.0,4.0,6.0,1.0,2.0,2.0,2.0,2.0,3.0,77.15273775216139,32.55794871794872,8.0
3.3,3.1,1.0,4.0,6.0,2.0,2.0,2.0,2.0,2.0,5.0,77.15273775216139,32.55794871794872,8.030172413793103
4.214286,4.071429,1.0,2.0,6.0,2.0,2.0,1.0,1.0,2.0,3.0,77.15273775216139,37.0,9.0
3.818182,1.75,1.0,2.0,6.0,2.0,1.0,1.0,2.0,2.0,3.0,82.0,19.0,10.0
4.204545,3.98,3.0,4.0,6.0,2.0,2.0,2.0,1.0,2.0,2.0,77.15273775216139,48.0,8.0
4.347826,3.452381,1.0,2.0,6.0,1.0,1.0,1.0,2.0,2.0,3.0,77.15273775216139,32.55794871794872,9.0
1.725,1.75,3.0,4.0,6.0,1.0,2.0,2.0,2.0,2.0,3.0,77.15273775216139,32.55794871794872,4.0
1.173913,2.820175578700078,1.0,1.0,6.0,2.0,1.0,1.0,2.0,1.0,1.0,71.0,15.0,7.0
2.5625,2.22,3.0,4.0,6.0,2.0,2.0,2.0,2.0,2.0,1.0,77.15273775216139,49.0,8.0
2.615385,2.34,3.0,4.0,6.0,1.0,2.0,2.0,1.0,1.0,3.0,77.15273775216139,32.55794871794872,9.0
1.676471,1.733333,1.0,2.0,6.0,2.0,1.0,1.0,2.0,1.0,1.0,81.0,31.0,9.0
2.846073103521127,2.820175578700078,1.0,2.0,6.0,2.0,2.0,1.0,2.0,2.0,3.0,72.0,20.0,9.0
4.357143,4.409091,1.0,2.0,6.0,2.0,2.0,1.0,2.0,1.0,3.0,85.0,48.0,10.0
3.131579,2.0,1.0,2.0,6.0,2.0,1.0,1.0,2.0,2.0,4.0,68.0,13.0,9.0
2.184211,0.5625,1.0,2.0,6.0,2.0,2.0,1.0,2.0,1.0,1.0,66.0,18.0,9.0
3.645833,2.717391,1.0,2.0,6.0,2.0,2.0,1.0,2.0,1.0,2.0,67.0,23.0,7.0
1.0,1.538462,1.0,2.0,6.0,2.0,1.0,1.0,2.0,1.0,7.0,65.0,19.0,7.0
2.090909,1.0,1.0,2.0,6.0,2.0,1.0,1.0,2.0,1.0,1.0,83.0,41.0,9.0
0.0,2.820175578700078,1.0,2.0,6.0,2.0,2.0,1.0,2.0,1.0,4.0,53.0,25.0,9.0
4.23913,2.820175578700078,1.0,2.0,6.0,2.0,2.0,1.0,1.0,2.0,3.0,105.0,45.0,9.0
2.047619,2.404762,1.0,4.0,6.0,1.0,2.0,2.0,2.0,1.0,3.0,77.15273775216139,32.55794871794872,7.0
3.347826,3.263158,1.0,4.0,6.0,2.0,1.0,2.0,1.0,1.0,2.0,77.15273775216139,21.0,9.0
4.282609,4.238095,3.0,2.0,6.0,2.0,2.0,1.0,2.0,2.0,7.0,77.15273775216139,48.0,8.0
3.6,2.5,3.0,4.0,6.0,2.0,2.0,2.0,2.0,1.0,1.0,77.15273775216139,43.0,9.0
3.027778,2.235294,3.0,4.0,6.0,2.0,2.0,2.0,2.0,1.0,2.0,77.15273775216139,29.0,9.0
1.6,2.566667,1.0,2.0,6.0,2.0,1.0,1.0,2.0,1.0,2.0,68.0,21.0,7.0
0.25,2.820175578700078,1.0,2.0,6.0,2.0,2.0,1.0,2.0,1.0,1.0,67.0,22.0,7.0
3.652174,3.625,3.0,4.0,6.0,2.0,1.0,2.0,1.0,2.0,1.0,77.15273775216139,47.0,9.0
3.583333,2.526316,3.0,8.0,6.0,2.0,2.0,1.0,2.0,0.0,8.0,77.15273775216139,49.0,10.0
3.08,2.65,3.0,2.0,6.0,2.0,1.0,1.0,1.0,1.0,1.0,85.0,35.0,7.0
3.605263,2.818182,1.0,2.0,6.0,2.0,2.0,1.0,2.0,1.0,2.0,59.0,32.55794871794872,9.0
4.2,3.65625,1.0,2.0,6.0,1.0,1.0,1.0,1.0,2.0,3.0,77.15273775216139,32.55794871794872,9.0
2.947368,2.388889,1.0,2.0,6.0,2.0,2.0,1.0,2.0,1.0,2.0,76.0,16.0,9.0
2.44,2.652174,1.0,2.0,6.0,2.0,2.0,1.0,2.0,1.0,1.0,84.0,30.0,7.0
3.76,2.98,3.0,4.0,6.0,1.0,1.0,2.0,2.0,1.0,3.0,77.15273775216139,32.55794871794872,7.0
0.0,0.0,1.0,2.0,6.0,2.0,2.0,1.0,1.0,0.0,2.0,66.0,27.0,9.0
3.913043,3.452381,3.0,4.0,6.0,2.0,1.0,2.0,2.0,1.0,1.0,77.15273775216139,45.0,8.0
0.45,2.820175578700078,1.0,2.0,6.0,2.0,2.0,1.0,2.0,1.0,2.0,56.0,23.0,7.0
3.8125,3.547619,3.0,4.0,6.0,2.0,1.0,2.0,2.0,2.0,1.0,77.15273775216139,46.0,10.0
2.978261,3.04,3.0,4.0,6.0,1.0,2.0,2.0,2.0,2.0,3.0,77.15273775216139,32.55794871794872,10.0
3.875,4.115385,3.0,4.0,6.0,1.0,1.0,2.0,2.0,2.0,3.0,77.15273775216139,32.55794871794872,10.0
0.326087,1.428571,1.0,4.0,6.0,2.0,2.0,2.0,2.0,1.0,3.0,77.15273775216139,44.0,10.0
3.222222,3.423077,3.0,4.0,6.0,1.0,1.0,2.0,1.0,1.0,3.0,77.15273775216139,32.55794871794872,4.0
3.230769,3.021739,3.0,4.0,6.0,1.0,2.0,2.0,2.0,2.0,3.0,77.15273775216139,32.55794871794872,10.0
2.725,2.659091,3.0,4.0,6.0,1.0,2.0,2.0,2.0,2.0,3.0,77.15273775216139,32.55794871794872,4.0
0.695652,2.820175578700078,1.0,2.0,6.0,2.0,1.0,1.0,1.0,1.0,1.0,69.0,18.0,4.0
0.0,0.0,1.0,2.0,6.0,2.0,2.0,1.0,2.0,1.0,1.0,50.0,16.0,9.0
0.157895,0.0,1.0,2.0,6.0,2.0,1.0,1.0,2.0,1.0,1.0,77.0,19.0,7.0
3.125,3.075,3.0,2.0,6.0,2.0,2.0,1.0,2.0,2.0,7.0,77.15273775216139,32.55794871794872,8.0
2.730769,3.882353,1.0,2.0,6.0,2.0,1.0,1.0,1.0,1.0,3.0,75.0,29.0,7.0
1.388889,1.111111,1.0,2.0,6.0,2.0,1.0,1.0,2.0,0.0,4.0,77.15273775216139,39.0,10.0
0.97619,0.0,1.0,2.0,6.0,2.0,2.0,1.0,2.0,1.0,1.0,74.0,45.0,9.0
2.846073103521127,2.820175578700078,3.0,2.0,6.0,2.0,1.0,1.0,2.0,1.0,2.0,60.0,13.0,3.0
4.065217,3.717391,3.0,4.0,6.0,2.0,2.0,2.0,2.0,1.0,1.0,77.15273775216139,49.0,9.0
2.470588,2.18,3.0,4.0,6.0,2.0,2.0,2.0,2.0,1.0,3.0,77.15273775216139,22.0,8.0
2.846073103521127,2.820175578700078,1.0,2.0,6.0,2.0,2.0,1.0,2.0,1.0,2.0,59.0,19.0,3.0
2.0,2.181818,3.0,2.0,6.0,2.0,2.0,1.0,2.0,1.0,6.0,77.0,29.0,4.0
3.852941,2.222222,1.0,2.0,6.0,2.0,2.0,1.0,2.0,1.0,3.0,57.0,48.0,9.0
0.0,2.820175578700078,3.0,4.0,6.0,2.0,2.0,2.0,1.0,2.0,2.0,77.15273775216139,32.55794871794872,8.0
0.0,2.820175578700078,1.0,4.0,6.0,1.0,2.0,2.0,2.0,2.0,3.0,77.15273775216139,32.55794871794872,8.0
0.26087,2.318182,3.0,4.0,6.0,1.0,1.0,2.0,2.0,1.0,3.0,77.15273775216139,43.0,8.0
3.880952,3.434783,1.0,2.0,6.0,2.0,1.0,1.0,2.0,1.0,1.0,82.0,42.0,9.0
3.5,3.416667,3.0,2.0,6.0,2.0,1.0,1.0,1.0,2.0,5.0,80.0,43.0,4.0
3.5625,3.729167,3.0,4.0,6.0,2.0,2.0,2.0,2.0,2.0,1.0,77.15273775216139,47.0,8.0
4.173913,4.02,1.0,2.0,6.0,1.0,1.0,1.0,2.0,2.0,5.0,77.15273775216139,32.55794871794872,9.0
0.0,2.820175578700078,1.0,2.0,6.0,2.0,2.0,1.0,2.0,1.0,2.0,67.0,26.0,9.0
2.5,2.452381,3.0,4.0,6.0,1.0,2.0,2.0,2.0,1.0,3.0,77.15273775216139,32.55794871794872,7.0
0.795455,2.820175578700078,1.0,2.0,6.0,2.0,1.0,1.0,2.0,1.0,2.0,74.0,23.0,7.0
0.944444,0.0,3.0,4.0,6.0,1.0,2.0,2.0,1.0,1.0,3.0,77.15273775216139,32.55794871794872,8.0
4.4,4.166667,3.0,4.0,6.0,1.0,2.0,2.0,2.0,1.0,3.0,77.15273775216139,32.55794871794872,7.0
2.605263,1.222222,1.0,2.0,6.0,2.0,1.0,1.0,2.0,1.0,1.0,77.0,30.0,9.0
4.166667,4.413043,3.0,2.0,6.0,2.0,2.0,1.0,2.0,2.0,6.0,77.15273775216139,32.55794871794872,9.0
4.119048,3.3,3.0,4.0,6.0,2.0,2.0,2.0,2.0,1.0,1.0,77.15273775216139,48.0,8.0
3.8125,3.84,1.0,4.0,6.0,1.0,2.0,2.0,2.0,1.0,3.0,77.15273775216139,32.55794871794872,8.0
2.916667,2.980769,3.0,4.0,6.0,1.0,1.0,2.0,2.0,2.0,3.0,77.15273775216139,32.55794871794872,10.0
2.416667,2.125,3.0,4.0,6.0,1.0,2.0,2.0,2.0,1.0,3.0,77.15273775216139,32.55794871794872,3.0
4.021739,3.74,1.0,2.0,6.0,1.0,2.0,1.0,1.0,2.0,5.0,77.15273775216139,32.55794871794872,10.0
4.043478,4.0,3.0,4.0,6.0,2.0,2.0,2.0,2.0,1.0,3.0,77.15273775216139,43.0,8.0
4.434783,4.46,1.0,2.0,6.0,1.0,2.0,1.0,1.0,2.0,3.0,77.15273775216139,32.55794871794872,9.0
3.5,3.022727,1.0,2.0,6.0,2.0,1.0,1.0,2.0,2.0,2.0,80.0,22.0,9.0
3.375,3.047619,3.0,4.0,6.0,2.0,2.0,2.0,2.0,2.0,1.0,77.15273775216139,48.0,9.0
2.66,0.8,1.0,2.0,6.0,2.0,2.0,1.0,2.0,1.0,2.0,78.0,26.0,9.0
3.931818,3.956522,1.0,2.0,6.0,2.0,1.0,1.0,2.0,1.0,3.0,69.0,32.55794871794872,8.030172413793103
4.434783,4.380952,1.0,2.0,6.0,2.0,1.0,1.0,1.0,1.0,1.0,99.0,29.0,9.0
3.847826,3.7,3.0,4.0,6.0,1.0,2.0,2.0,1.0,1.0,3.0,77.15273775216139,32.55794871794872,9.0
3.979167,3.589286,3.0,4.0,6.0,1.0,2.0,2.0,1.0,2.0,3.0,77.15273775216139,32.55794871794872,4.0
3.666667,2.892857,3.0,4.0,6.0,1.0,2.0,2.0,2.0,1.0,3.0,77.15273775216139,32.55794871794872,7.0
1.6,2.0,3.0,4.0,6.0,2.0,2.0,2.0,2.0,1.0,3.0,77.15273775216139,25.0,8.0
2.0,1.210526,1.0,2.0,6.0,2.0,1.0,1.0,1.0,1.0,2.0,74.0,24.0,9.0
3.266667,2.44,3.0,4.0,6.0,1.0,2.0,2.0,2.0,2.0,3.0,77.15273775216139,32.55794871794872,8.0
0.225,0.0,1.0,2.0,6.0,2.0,2.0,1.0,2.0,1.0,2.0,60.0,27.0,9.0
3.882353,3.605263,1.0,2.0,6.0,2.0,2.0,1.0,2.0,2.0,3.0,84.0,25.0,9.0
2.608696,2.846154,3.0,4.0,6.0,1.0,2.0,2.0,2.0,2.0,3.0,77.15273775216139,32.55794871794872,10.0
3.347826,1.710526,1.0,2.0,6.0,2.0,2.0,1.0,2.0,1.0,2.0,69.0,27.0,9.0
0.0,2.820175578700078,1.0,2.0,6.0,2.0,1.0,1.0,2.0,1.0,2.0,72.0,14.0,8.030172413793103
2.033333,2.071429,3.0,4.0,6.0,1.0,2.0,2.0,2.0,1.0,3.0,77.15273775216139,32.55794871794872,9.0
3.238095,3.230769,3.0,4.0,6.0,2.0,2.0,2.0,1.0,2.0,1.0,77.15273775216139,32.0,8.0
4.421053,4.315789,1.0,2.0,6.0,2.0,2.0,1.0,2.0,1.0,4.0,95.0,38.0,7.0
2.357143,2.970588,1.0,2.0,6.0,2.0,2.0,1.0,1.0,1.0,3.0,81.0,32.0,9.0
3.4,3.326087,1.0,2.0,6.0,2.0,2.0,1.0,2.0,1.0,3.0,79.0,35.0,3.0
4.0,4.083333,1.0,2.0,6.0,1.0,1.0,1.0,2.0,2.0,3.0,95.0,32.55794871794872,9.0
2.104167,3.090909,1.0,2.0,6.0,2.0,2.0,1.0,2.0,1.0,1.0,75.0,22.0,7.0
2.86,2.380952,3.0,2.0,6.0,2.0,2.0,1.0,2.0,1.0,2.0,60.0,24.0,4.0
4.275,4.363636,1.0,2.0,6.0,2.0,1.0,1.0,2.0,2.0,4.0,88.0,47.0,9.0
2.611111,2.470588,3.0,4.0,6.0,1.0,2.0,2.0,2.0,1.0,3.0,77.15273775216139,32.55794871794872,9.0
1.230769,3.0,1.0,2.0,6.0,2.0,1.0,1.0,2.0,1.0,2.0,74.0,37.0,9.0
2.725,2.195652,1.0,2.0,6.0,2.0,2.0,1.0,2.0,1.0,1.0,82.0,43.0,9.0
2.880952,2.666667,3.0,4.0,6.0,2.0,2.0,2.0,2.0,2.0,3.0,77.15273775216139,37.0,4.0
2.8,2.980769,3.0,4.0,6.0,1.0,1.0,2.0,2.0,2.0,3.0,77.15273775216139,32.55794871794872,10.0
2.25,2.2,1.0,2.0,6.0,2.0,2.0,1.0,2.0,2.0,2.0,83.0,32.55794871794872,7.0
4.045455,4.236842,1.0,2.0,6.0,2.0,2.0,1.0,2.0,1.0,2.0,92.0,38.0,9.0
1.973684,1.204545,1.0,4.0,6.0,2.0,2.0,2.0,2.0,1.0,2.0,77.15273775216139,32.55794871794872,7.0
3.541667,3.021739,1.0,2.0,6.0,2.0,2.0,1.0,2.0,1.0,2.0,90.0,30.0,9.0
3.86,4.340909,1.0,2.0,6.0,2.0,2.0,1.0,1.0,2.0,2.0,87.0,47.0,10.0
3.2,2.595238,1.0,2.0,6.0,2.0,2.0,1.0,2.0,1.0,1.0,78.0,24.0,7.0
2.0,0.0,1.0,4.0,6.0,2.0,1.0,2.0,2.0,1.0,2.0,77.15273775216139,46.0,8.0
0.142857,0.0,1.0,2.0,6.0,2.0,2.0,1.0,2.0,0.0,3.0,55.0,32.55794871794872,8.030172413793103
3.475,3.045455,3.0,4.0,6.0,1.0,2.0,2.0,2.0,1.0,3.0,77.15273775216139,32.55794871794872,8.0
3.194444,3.519231,3.0,4.0,6.0,1.0,2.0,2.0,2.0,1.0,3.0,77.15273775216139,32.55794871794872,7.0
2.230769,1.785714,1.0,4.0,6.0,2.0,2.0,2.0,2.0,1.0,1.0,77.15273775216139,38.0,4.0
3.145833,2.5,1.0,2.0,6.0,2.0,1.0,1.0,2.0,1.0,1.0,86.0,28.0,9.0
2.16,1.166667,1.0,2.0,6.0,2.0,2.0,1.0,2.0,0.0,5.0,61.0,21.0,7.0
1.0,1.380952,3.0,4.0,6.0,2.0,2.0,2.0,1.0,2.0,1.0,77.15273775216139,26.0,8.0
3.76087,4.027778,1.0,2.0,6.0,2.0,2.0,1.0,1.0,2.0,3.0,88.0,40.0,9.0
1.428571,2.820175578700078,3.0,2.0,6.0,2.0,1.0,1.0,2.0,1.0,1.0,62.0,25.0,4.0
1.96,1.764706,1.0,2.0,6.0,2.0,2.0,1.0,1.0,1.0,1.0,75.0,16.0,8.0
2.25,2.820175578700078,1.0,2.0,6.0,2.0,2.0,1.0,2.0,1.0,3.0,59.0,20.0,9.0
3.413043,3.346154,3.0,8.0,6.0,1.0,2.0,1.0,2.0,2.0,8.0,77.15273775216139,32.55794871794872,7.0
0.0,3.7,1.0,2.0,6.0,2.0,2.0,1.0,2.0,1.0,4.0,79.0,25.0,9.0
4.28,4.340909,1.0,2.0,6.0,2.0,1.0,1.0,2.0,1.0,3.0,72.0,42.0,9.0
0.176471,0.0,1.0,2.0,6.0,2.0,2.0,1.0,2.0,1.0,1.0,57.0,32.55794871794872,8.030172413793103
1.54,0.3,1.0,2.0,6.0,2.0,2.0,1.0,2.0,1.0,1.0,62.0,26.0,9.0
1.975,0.0,1.0,2.0,6.0,2.0,2.0,1.0,2.0,1.0,3.0,69.0,32.55794871794872,9.0
2.690476,3.111111,3.0,4.0,6.0,1.0,2.0,2.0,2.0,1.0,3.0,77.15273775216139,32.55794871794872,9.0
4.369565,4.357143,3.0,2.0,6.0,2.0,1.0,1.0,2.0,2.0,6.0,77.15273775216139,49.0,4.0
3.452381,3.636364,1.0,2.0,6.0,2.0,2.0,1.0,1.0,2.0,5.0,77.15273775216139,39.0,4.0
2.045455,2.961538,1.0,2.0,6.0,2.0,1.0,1.0,2.0,1.0,1.0,79.0,34.0,9.0
4.021739,3.880952,3.0,4.0,6.0,2.0,2.0,2.0,1.0,1.0,1.0,77.15273775216139,44.0,7.0
4.113636,3.895833,3.0,4.0,6.0,1.0,2.0,2.0,2.0,2.0,3.0,77.15273775216139,32.55794871794872,10.0
3.055556,3.480769,3.0,4.0,6.0,1.0,2.0,2.0,2.0,1.0,3.0,77.15273775216139,32.55794871794872,7.0
0.0,2.820175578700078,3.0,4.0,6.0,1.0,2.0,2.0,2.0,2.0,3.0,77.15273775216139,32.55794871794872,8.0
2.608696,2.403846,3.0,4.0,6.0,1.0,2.0,2.0,1.0,2.0,3.0,77.15273775216139,23.0,8.0
1.477273,1.5,3.0,4.0,6.0,2.0,2.0,2.0,2.0,2.0,1.0,77.15273775216139,15.0,10.0
1.928571,1.617647,1.0,2.0,6.0,2.0,2.0,1.0,2.0,1.0,1.0,51.0,19.0,9.0
4.16,4.0,1.0,2.0,6.0,2.0,2.0,1.0,2.0,1.0,1.0,87.0,30.0,9.0
4.354167,4.340909,1.0,2.0,6.0,2.0,2.0,1.0,1.0,1.0,3.0,96.0,41.0,9.0
3.75,3.694444,1.0,2.0,6.0,2.0,1.0,1.0,2.0,1.0,1.0,84.0,42.0,9.0
4.238095,4.086957,1.0,2.0,6.0,2.0,1.0,1.0,2.0,2.0,3.0,88.0,35.0,9.0
2.304348,1.809524,3.0,4.0,6.0,1.0,2.0,2.0,2.0,2.0,3.0,77.15273775216139,32.55794871794872,8.0
3.21875,2.058824,1.0,2.0,6.0,2.0,2.0,1.0,2.0,1.0,3.0,59.0,21.0,9.0
1.928571,3.676471,1.0,2.0,6.0,2.0,2.0,1.0,2.0,1.0,3.0,57.0,22.0,9.0
3.086957,2.875,1.0,2.0,6.0,2.0,2.0,1.0,2.0,1.0,1.0,76.0,31.0,9.0
2.941176,0.78125,1.0,2.0,6.0,2.0,2.0,1.0,2.0,1.0,1.0,68.0,32.55794871794872,9.0
0.0,0.0,1.0,2.0,6.0,2.0,2.0,1.0,2.0,1.0,1.0,68.0,23.0,9.0
2.875,2.795455,1.0,2.0,6.0,2.0,1.0,1.0,2.0,1.0,1.0,88.0,43.0,9.0
3.73913,2.7,3.0,4.0,6.0,1.0,2.0,2.0,2.0,1.0,3.0,77.15273775216139,32.55794871794872,9.0
3.886364,4.333333,1.0,2.0,6.0,2.0,1.0,1.0,2.0,1.0,4.0,92.0,48.0,9.0
1.62,1.5,1.0,2.0,6.0,2.0,2.0,1.0,2.0,1.0,1.0,75.0,19.0,7.0
4.043478,3.9,3.0,4.0,6.0,1.0,2.0,2.0,1.0,1.0,3.0,77.15273775216139,32.55794871794872,10.0
3.738095,3.125,3.0,4.0,6.0,1.0,1.0,2.0,2.0,1.0,3.0,77.15273775216139,32.55794871794872,8.0
4.309524,4.095238,1.0,2.0,6.0,2.0,2.0,1.0,1.0,1.0,2.0,95.0,48.0,9.0
4.275,4.326923,1.0,2.0,6.0,1.0,1.0,1.0,1.0,2.0,3.0,97.0,32.55794871794872,9.0
3.857143,3.568182,3.0,4.0,6.0,2.0,2.0,2.0,1.0,2.0,2.0,77.15273775216139,38.0,10.0
2.047619,2.368421,1.0,2.0,6.0,2.0,2.0,1.0,1.0,0.0,3.0,77.15273775216139,29.0,9.0
3.652174,4.0,3.0,4.0,6.0,2.0,2.0,2.0,1.0,1.0,1.0,77.15273775216139,46.0,9.0
2.75,2.384615,3.0,4.0,6.0,1.0,2.0,2.0,2.0,2.0,3.0,77.15273775216139,32.55794871794872,8.0
2.5625,2.681818,3.0,8.0,6.0,2.0,2.0,1.0,1.0,0.0,4.0,77.15273775216139,47.0,8.0
3.368421,3.456522,1.0,2.0,6.0,2.0,1.0,1.0,2.0,1.0,1.0,87.0,32.55794871794872,8.0
0.285714,2.820175578700078,1.0,2.0,6.0,2.0,1.0,1.0,2.0,1.0,2.0,93.0,23.0,7.0
2.434783,1.944444,3.0,4.0,6.0,2.0,2.0,2.0,2.0,1.0,1.0,77.15273775216139,39.0,4.0
4.145833,3.5,1.0,2.0,6.0,2.0,2.0,1.0,2.0,0.0,2.0,107.0,34.0,9.0
2.521739,2.7,3.0,4.0,6.0,1.0,2.0,2.0,2.0,1.0,3.0,77.15273775216139,32.55794871794872,10.0
3.02,2.958333,1.0,1.0,6.0,2.0,1.0,1.0,2.0,1.0,1.0,81.0,20.0,9.0
2.055556,2.153846,3.0,4.0,6.0,1.0,2.0,2.0,2.0,2.0,3.0,77.15273775216139,32.55794871794872,8.0
0.0,2.820175578700078,3.0,4.0,6.0,2.0,2.0,2.0,2.0,0.0,1.0,77.15273775216139,48.0,8.0
0.52,2.820175578700078,3.0,2.0,6.0,2.0,2.0,1.0,2.0,0.0,4.0,60.0,32.0,4.0
3.6,3.190476,3.0,4.0,6.0,1.0,2.0,2.0,1.0,1.0,3.0,77.15273775216139,32.55794871794872,9.0
3.36,2.44,3.0,2.0,6.0,2.0,1.0,1.0,2.0,1.0,2.0,77.0,33.0,8.0
1.809524,1.954545,1.0,2.0,6.0,2.0,2.0,1.0,2.0,2.0,7.0,77.15273775216139,18.0,9.0
2.846073103521127,2.820175578700078,1.0,2.0,6.0,2.0,2.0,1.0,2.0,1.0,1.0,80.0,31.0,7.0
3.76,4.083333,1.0,1.0,6.0,2.0,1.0,1.0,2.0,2.0,4.0,77.15273775216139,32.55794871794872,3.0
3.3,3.275,1.0,2.0,6.0,2.0,2.0,1.0,2.0,1.0,3.0,77.0,16.0,9.0
2.92,1.777778,1.0,2.0,6.0,2.0,2.0,1.0,2.0,2.0,4.0,77.15273775216139,31.0,9.0
2.978261,2.134615,1.0,1.0,6.0,2.0,1.0,1.0,2.0,1.0,1.0,88.0,27.0,9.0
3.565217,1.86,3.0,4.0,6.0,1.0,2.0,2.0,1.0,1.0,3.0,77.15273775216139,32.55794871794872,10.0
3.575,3.952381,1.0,4.0,6.0,2.0,2.0,2.0,2.0,1.0,1.0,77.15273775216139,49.0,4.0
2.928571,3.125,1.0,2.0,6.0,2.0,1.0,1.0,2.0,1.0,1.0,87.0,37.0,9.0
2.21875,2.775,1.0,2.0,6.0,2.0,1.0,1.0,1.0,2.0,5.0,61.0,19.0,9.0
0.18,0.0,1.0,2.0,6.0,2.0,2.0,1.0,2.0,1.0,3.0,54.0,17.0,7.0
3.270833,3.410714,3.0,4.0,6.0,1.0,2.0,2.0,2.0,2.0,3.0,77.15273775216139,32.55794871794872,8.0
3.94,4.022727,1.0,2.0,6.0,2.0,1.0,1.0,1.0,2.0,3.0,77.15273775216139,25.0,9.0
2.934783,2.846154,3.0,4.0,6.0,1.0,2.0,2.0,2.0,2.0,3.0,77.15273775216139,32.55794871794872,8.0
2.083333,1.763158,1.0,2.0,6.0,2.0,1.0,1.0,2.0,0.0,3.0,77.15273775216139,32.55794871794872,3.0
2.2,1.47619,1.0,2.0,6.0,2.0,2.0,1.0,2.0,1.0,1.0,82.0,23.0,7.0
3.020833,2.130435,3.0,4.0,6.0,2.0,2.0,2.0,2.0,2.0,3.0,77.15273775216139,34.0,8.0
